log2foldChange	pValues	logP	baseMean	FDR	logFDR	group	label	bar
Acidisarcina	7.68753817153624	0.170903520230797	0.767248991690819	4.22199903284604e-06	0.704866921491606	0.15189286984175	nosig	NA	1
Candidatus_Koribacter	1.23521630410952	0.129601702208336	0.887389294338632	1.83374179293207e-05	0.704866921491606	0.15189286984175	nosig	NA	1
Candidatus_Solibacter	-0.410248176732841	0.878477078477078	0.0562695657802869	5.8607992725867e-05	1	0	nosig	NA	1
Chloracidobacterium	7.68753817153624	0.381573905705021	0.418421332594266	1.62337662337662e-06	0.704866921491606	0.15189286984175	nosig	NA	1
Edaphobacter	7.68753817153624	0.170903520230797	0.767248991690819	6.40742702448211e-06	0.704866921491606	0.15189286984175	nosig	NA	1
Granulicella	1.94675236702461	0.0522595003179698	1.28183474711895	6.13742557305582e-05	0.704866921491606	0.15189286984175	enriched	NA	1
Luteitalea	1.65605243758891	0.00108780108780109	2.96345051122615	0.000390119915912369	0.159254079254079	0.797909434503776	enriched	NA	1
Terriglobus	-1.57627154045711	1	0	1.25881168177241e-06	1	0	nosig	NA	1
Acidipropionibacterium	-8.45629198868986	0.381573905705021	0.418421332594266	0	0.704866921491606	0.15189286984175	nosig	NA	1
Acidothermus	0.61612074260553	0.621768741264933	0.206371115418256	2.43037055755628e-05	0.894174299815189	0.0485778166966226	nosig	NA	1
Actinomadura	0.523294220742017	0.822480381658075	0.0848744523314897	2.10873077448302e-05	1	0	nosig	NA	1
Actinomarinicola	1.21078948883019	0.00628449611505754	2.20172953790209	5.52594365455859e-05	0.426573426573427	0.370006202454295	enriched	NA	1
Actinomyces	-0.793089006106767	0.589744362208388	0.229336202156636	2.91375291375291e-06	0.868597330254608	0.0611815098315764	nosig	NA	1
Actinoplanes	7.68753817153624	0.0764479298304189	1.11663427055773	7.60276790329216e-06	0.704866921491606	0.15189286984175	enriched	NA	1
Actinopolymorpha	-0.901998434626568	0.565563097938799	0.247518935286804	5.55557990611399e-06	0.868597330254608	0.0611815098315764	nosig	NA	1
Actinotignum	-8.45629198868986	0.170903520230797	0.767248991690819	0	0.704866921491606	0.15189286984175	nosig	NA	1
Adlercreutzia	2.91147735473836	0.000155400155400155	3.80854855124041	0.000727650754792926	0.0568764568764569	1.24506746584599	enriched	NA	1
Aeromicrobium	-0.274769635178902	0.872959425288042	0.059005941612893	2.74310769958849e-05	1	0	nosig	NA	1
Agromyces	-0.573941057044181	0.65494027546235	0.183798301870438	7.55947847532006e-06	0.913173869787506	0.0394465242180031	nosig	NA	1
Amycolatopsis	2.75686035712477	0.214338459316668	0.668899895358474	1.60019810520537e-05	0.704866921491606	0.15189286984175	nosig	NA	1
Arabia	-1.55999249852366	0.488142933739699	0.311452993068265	1.8037518037518e-06	0.81025085600331	0.0913805014777114	nosig	NA	1
Arachnia	-8.45629198868986	0.381573905705021	0.418421332594266	0	0.704866921491606	0.15189286984175	nosig	NA	1
Arcanobacterium	-8.45629198868986	0.381573905705021	0.418421332594266	0	0.704866921491606	0.15189286984175	nosig	NA	1
Arsenicicoccus	7.68753817153624	0.381573905705021	0.418421332594266	5.18672199170124e-06	0.704866921491606	0.15189286984175	nosig	NA	1
Arthrobacter	-8.45629198868986	0.0764479298304189	1.11663427055773	0	0.704866921491606	0.15189286984175	depleted	NA	1
Auraticoccus	1.88869104336251	0.589744362208388	0.229336202156636	9.22059512126285e-06	0.868597330254608	0.0611815098315764	nosig	NA	1
Austwickia	7.68753817153624	0.381573905705021	0.418421332594266	1.71939477303989e-06	0.704866921491606	0.15189286984175	nosig	NA	1
Baekduia	-0.299822059415269	0.833514212953315	0.0790869902516101	7.12426333593554e-05	1	0	nosig	NA	1
Berryella	-0.290401098260264	0.712787287796098	0.147040054326454	6.76314200340109e-05	0.947202005106973	0.0235573912736338	nosig	NA	1
Bifidobacterium	-2.4251342391842	0.000621600621600622	3.20648855991244	0.00448953441083942	0.151670551670552	0.819098733573714	depleted	NA	1
Blastococcus	0.497110579478773	0.240598047308139	0.618707901712472	2.69234963748502e-05	0.704866921491606	0.15189286984175	nosig	NA	1
Boudabousia	-8.45629198868986	0.381573905705021	0.418421332594266	0	0.704866921491606	0.15189286984175	nosig	NA	1
Brachybacterium	-8.45629198868986	0.381573905705021	0.418421332594266	0	0.704866921491606	0.15189286984175	nosig	NA	1
Brevibacterium	0.65263173316625	0.829248459182946	0.0813153267653275	4.0156516361203e-05	1	0	nosig	NA	1
Cellulomonas	-1.29700248806709	0.333863945352252	0.476430478759409	5.71427883272156e-06	0.704866921491606	0.15189286984175	nosig	NA	1
Citricoccus	7.68753817153624	0.381573905705021	0.418421332594266	3.2133676092545e-06	0.704866921491606	0.15189286984175	nosig	NA	1
Collinsella	0.116559747429434	0.959129759129759	0.0181226338492947	0.000119373451293916	1	0	nosig	NA	1
Conexibacter	-0.0558930426865767	1	0	5.60800362458017e-06	1	0	nosig	NA	1
Corynebacterium	0.817099794401631	0.720901320901321	0.142124178721646	0.000400410074840388	0.947396349909815	0.023468292836983	nosig	NA	1
Cutibacterium	7.68753817153624	0.381573905705021	0.418421332594266	4.07830342577488e-06	0.704866921491606	0.15189286984175	nosig	NA	1
Denitrobacterium	1.64571104764173	0.406552852098087	0.390882987874303	1.6822767929055e-05	0.726255778043156	0.138910399369563	nosig	NA	1
Dietzia	-0.905456053369841	0.945001830339073	0.0245673503210126	8.58590360948699e-06	1	0	nosig	NA	1
Eggerthella	0.0545155565112443	0.784022658299928	0.105671385998683	3.23695219587288e-05	0.990614357394018	0.00409538189383057	nosig	NA	1
Egibacter	-1.53937333651999	0.251613912866729	0.599265348464478	6.76666576557093e-06	0.704866921491606	0.15189286984175	nosig	NA	1
Egicoccus	-0.47148911562703	0.742034291479914	0.12957602429458	1.48546708457819e-05	0.966054637836277	0.0149983101893107	nosig	NA	1
Epidermidibacterium	-8.45629198868986	0.381573905705021	0.418421332594266	0	0.704866921491606	0.15189286984175	nosig	NA	1
Euzebya	2.00772068286827	0.196658585493336	0.706287088913583	3.35223382348476e-05	0.704866921491606	0.15189286984175	nosig	NA	1
Frankia	-2.91085353770489	0.488142933739699	0.311452993068265	1.25628140703518e-06	0.81025085600331	0.0913805014777114	nosig	NA	1
Gardnerella	0.175987733988788	1	0	5.466472303207e-06	1	0	nosig	NA	1
Geodermatophilus	-1.48875809123653	0.132117822418876	0.879038593013167	4.0626931497952e-06	0.704866921491606	0.15189286984175	nosig	NA	1
Georgenia	-0.356833709835564	1	0	2.49003984063745e-06	1	0	nosig	NA	1
Gordonibacter	1.15396326366433	0.505361305361305	0.296398014318375	0.000278758079241098	0.826336440058341	0.0828430951591933	nosig	NA	1
Ilumatobacter	0.0614997317322153	1	0	2.59545314935625e-05	1	0	nosig	NA	1
Jiangella	-8.45629198868986	0.381573905705021	0.418421332594266	0	0.704866921491606	0.15189286984175	nosig	NA	1
Jonesia	-8.45629198868986	0.381573905705021	0.418421332594266	0	0.704866921491606	0.15189286984175	nosig	NA	1
Kibdelosporangium	-8.45629198868986	0.381573905705021	0.418421332594266	0	0.704866921491606	0.15189286984175	nosig	NA	1
Kineococcus	-1.23488285116245	0.589744362208388	0.229336202156636	2.08333333333333e-06	0.868597330254608	0.0611815098315764	nosig	NA	1
Kocuria	7.68753817153624	0.381573905705021	0.418421332594266	2.69396551724138e-06	0.704866921491606	0.15189286984175	nosig	NA	1
Kribbella	-0.562035922039908	0.314478863926082	0.502408538100219	2.85805826154633e-05	0.704866921491606	0.15189286984175	nosig	NA	1
Lancefieldella	-0.302680394493128	0.700128127015315	0.154822474608919	3.64543483467317e-06	0.941783494067906	0.026048925379859	nosig	NA	1
Lawsonella	7.68753817153624	0.381573905705021	0.418421332594266	2.91375291375291e-06	0.704866921491606	0.15189286984175	nosig	NA	1
Leucobacter	2.30669648622306	0.0496329132677272	1.30423023258092	2.74263186140266e-05	0.704866921491606	0.15189286984175	enriched	NA	1
Microbacterium	-1.17716142509372	0.836045800136713	0.0777699304535564	6.23689629643455e-06	1	0	nosig	NA	1
Microlunatus	-0.0464439539714677	0.95799832386793	0.0186352507706682	2.71158098110958e-05	1	0	nosig	NA	1
Micromonospora	-1.78729809363728	0.127527313357845	0.894396789581254	0.000131520520746833	0.704866921491606	0.15189286984175	nosig	NA	1
Micropruina	4.36528373151311	0.0298406889515169	1.52519115424267	3.83373493789805e-05	0.704866921491606	0.15189286984175	enriched	NA	1
Mobiluncus	-1.84127406930049	0.589744362208388	0.229336202156636	2.8735632183908e-06	0.868597330254608	0.0611815098315764	nosig	NA	1
Modestobacter	2.04107845731554	0.141990846650732	0.847739651231071	1.09223212266402e-05	0.704866921491606	0.15189286984175	nosig	NA	1
Mycobacterium	-0.0314961765312186	0.77233744129278	0.112192910969339	1.83613977103769e-05	0.988375886409642	0.00507785870397151	nosig	NA	1
Mycobacteroides	0.0599238176520577	1	0	2.79017857142857e-06	1	0	nosig	NA	1
Mycolicibacterium	-1.32608318700317	0.217218757301717	0.663102675211641	8.3556898226205e-06	0.704866921491606	0.15189286984175	nosig	NA	1
Nakamurella	-0.123199290308813	0.750575713709595	0.124605492111249	3.28705937321042e-05	0.966054637836277	0.0149983101893107	nosig	NA	1
Neomicrococcus	1.12666185889357	0.36542155791502	0.43720583517899	1.54791189942638e-05	0.704866921491606	0.15189286984175	nosig	NA	1
Nesterenkonia	-8.45629198868986	0.381573905705021	0.418421332594266	0	0.704866921491606	0.15189286984175	nosig	NA	1
Nocardia	0.505880746544541	1	0	1.72277501708967e-05	1	0	nosig	NA	1
Nocardioides	0.236594289033481	1	0	4.33567184895223e-05	1	0	nosig	NA	1
Nocardiopsis	-8.45629198868986	0.381573905705021	0.418421332594266	0	0.704866921491606	0.15189286984175	nosig	NA	1
Nonomuraea	0.84039574703703	0.297640585409217	0.526307849949084	0.00026386757674602	0.704866921491606	0.15189286984175	nosig	NA	1
Olsenella	-3.31721541710219	0.0379176379176379	1.42115872490168	0.000260400972582147	0.704866921491606	0.15189286984175	depleted	NA	1
Parafannyhessea	-8.45629198868986	0.381573905705021	0.418421332594266	0	0.704866921491606	0.15189286984175	nosig	NA	1
Parolsenella	-8.45629198868986	0.381573905705021	0.418421332594266	0	0.704866921491606	0.15189286984175	nosig	NA	1
Phoenicibacter	0.0155895104825337	0.573737373737374	0.241286858886531	8.13475994044765e-05	0.868597330254608	0.0611815098315764	nosig	NA	1
Pimelobacter	7.68753817153624	0.381573905705021	0.418421332594266	1.8037518037518e-06	0.704866921491606	0.15189286984175	nosig	NA	1
Plantactinospora	0.0667046056615084	0.593752537640487	0.226394521230815	4.05475777837481e-05	0.872744693881197	0.0591127829321411	nosig	NA	1
Pontimonas	-8.45629198868986	0.0764479298304189	1.11663427055773	0	0.704866921491606	0.15189286984175	depleted	NA	1
Pseudonocardia	0.384773181580022	0.633997230787388	0.197912639052626	4.54860435806874e-05	0.905011208459484	0.0433460420743977	nosig	NA	1
Rhodococcus	3.50977838041687	0.00699300699300699	2.15533603746506	0.000628871191385193	0.426573426573427	0.370006202454295	enriched	NA	1
Rhodoluna	1.49097575188577	0.482500424617946	0.316502300125059	1.1242760887899e-05	0.81025085600331	0.0913805014777114	nosig	NA	1
Rothia	0.449377505534422	0.784022658299928	0.105671385998683	2.18500842134734e-05	0.990614357394018	0.00409538189383057	nosig	NA	1
Rubrobacter	-0.489569764722897	0.750935913837215	0.124397124852631	4.33276055617349e-05	0.966054637836277	0.0149983101893107	nosig	NA	1
Saccharomonospora	1.95857885844233	0.488142933739699	0.311452993068265	8.61433772538142e-06	0.81025085600331	0.0913805014777114	nosig	NA	1
Saccharopolyspora	-0.858379614990504	0.359363517069886	0.444466014982946	1.29910100350557e-05	0.704866921491606	0.15189286984175	nosig	NA	1
Saccharothrix	7.68753817153624	0.381573905705021	0.418421332594266	1.71939477303989e-06	0.704866921491606	0.15189286984175	nosig	NA	1
Salinispora	0.452164730854081	0.705647809176363	0.151412002482126	2.26224589991731e-05	0.946033326588091	0.0240935641284711	nosig	NA	1
Sanguibacter	7.68753817153624	0.381573905705021	0.418421332594266	3.65497076023392e-06	0.704866921491606	0.15189286984175	nosig	NA	1
Schaalia	-0.355594780068421	0.798217248248711	0.0978788920139039	6.98448731758236e-06	0.990614357394018	0.00409538189383057	nosig	NA	1
Slackia	0.507809887918621	0.700128127015315	0.154822474608919	6.73243384353274e-06	0.941783494067906	0.026048925379859	nosig	NA	1
Streptomyces	-0.386218168530276	0.645376845376845	0.190186620130527	0.000122635484812851	0.905011208459484	0.0433460420743977	nosig	NA	1
Streptosporangium	-8.45629198868986	0.381573905705021	0.418421332594266	0	0.704866921491606	0.15189286984175	nosig	NA	1
Tessaracoccus	-8.45629198868986	0.381573905705021	0.418421332594266	0	0.704866921491606	0.15189286984175	nosig	NA	1
Thermobispora	0.163978360693745	0.111909737067011	0.951132124637875	2.56181410892918e-05	0.704866921491606	0.15189286984175	nosig	NA	1
Thermomonospora	1.18221172898714	0.488142933739699	0.311452993068265	4.94173340202001e-06	0.81025085600331	0.0913805014777114	nosig	NA	1
Tropheryma	0.136747002140598	0.872959425288042	0.059005941612893	2.60209755502979e-05	1	0	nosig	NA	1
Trueperella	-8.45629198868986	0.170903520230797	0.767248991690819	0	0.704866921491606	0.15189286984175	nosig	NA	1
Xylanimicrobium	-8.45629198868986	0.381573905705021	0.418421332594266	0	0.704866921491606	0.15189286984175	nosig	NA	1
Persephonella	-8.45629198868986	0.381573905705021	0.418421332594266	0	0.704866921491606	0.15189286984175	nosig	NA	1
Chthonomonas	1.19836901771363	0.225114315064885	0.647596887247304	1.2711231236017e-05	0.704866921491606	0.15189286984175	nosig	NA	1
Fimbriimonas	-8.45629198868986	0.381573905705021	0.418421332594266	0	0.704866921491606	0.15189286984175	nosig	NA	1
Aequorivita	0.879248348609623	1	0	4.05265843155235e-05	1	0	nosig	NA	1
Algoriphagus	-0.575947618622292	0.461920478323797	0.335432783746352	5.02917333080722e-05	0.797466486162782	0.0982875592806924	nosig	NA	1
Alistipes	0.717415448486345	0.0498834498834499	1.30204351883553	0.124995233155073	0.704866921491606	0.15189286984175	nosig	Alistipes	1
Alkalitalea	0.714747467419382	0.957001781035195	0.0190872539754683	4.21696969097354e-05	1	0	nosig	NA	1
Arachidicoccus	-1.02346187568096	1	0	0.00182145954411187	1	0	nosig	NA	1
Bacteroides	-0.114287531822248	0.645376845376845	0.190186620130527	0.00159879413635772	0.905011208459484	0.0433460420743977	nosig	NA	1
Barnesiella	-0.086522351340425	0.878477078477078	0.0562695657802869	0.000184704318711789	1	0	nosig	NA	1
Bergeyella	-8.45629198868986	0.381573905705021	0.418421332594266	0	0.704866921491606	0.15189286984175	nosig	NA	1
Bernardetia	0.670099184773061	0.476087344441214	0.322313362974969	1.95249571679832e-05	0.81025085600331	0.0913805014777114	nosig	NA	1
Butyricimonas	-0.578559735783176	0.104895104895105	0.979244778409381	0.000453737265948571	0.704866921491606	0.15189286984175	nosig	NA	1
Candidatus_Amoebophilus	-0.497499659470817	1	0	3.06372549019608e-06	1	0	nosig	NA	1
Candidatus_Azobacteroides	-1.3899985982117	0.589744362208388	0.229336202156636	4.10509031198686e-06	0.868597330254608	0.0611815098315764	nosig	NA	1
Candidatus_Cardinium	0.891554083571565	0.171851702219669	0.764846161746435	6.82366889537565e-05	0.704866921491606	0.15189286984175	nosig	NA	1
Candidatus_Sulcia	-1.29013067445374	0.0498834498834499	1.30204351883553	0.000702258145219515	0.704866921491606	0.15189286984175	depleted	NA	1
Capnocytophaga	0.228786601322421	0.665984293016544	0.17653601337727	2.5272290930455e-05	0.923633781136062	0.0345001915055196	nosig	NA	1
Chitinophaga	-0.0489306546091536	0.589485119575263	0.229527153364341	2.49090570933435e-05	0.868597330254608	0.0611815098315764	nosig	NA	1
Chryseobacterium	0.555638178747528	0.720901320901321	0.142124178721646	0.000103576220116387	0.947396349909815	0.023468292836983	nosig	NA	1
Chryseolinea	1.81638891829587	0.443102331990909	0.353495964326053	1.61545642701324e-05	0.7686040450648	0.114297334229335	nosig	NA	1
Cloacibacterium	0.31737684793114	1	0	5.53882032844233e-06	1	0	nosig	NA	1
Croceibacter	-1.0119906829195	0.0206682206682207	1.68469691027332	0.0196940488570529	0.704866921491606	0.15189286984175	depleted	Croceibacter	1
Cytophaga	1.46370721934332	0.488142933739699	0.311452993068265	5.98559471616466e-06	0.81025085600331	0.0913805014777114	nosig	NA	1
Duncaniella	0.113061131643204	0.505361305361305	0.296398014318375	0.188281659698166	0.826336440058341	0.0828430951591933	nosig	Duncaniella	1
Dyadobacter	0.52798146424949	0.432309552266298	0.364205168235236	3.67991777441392e-05	0.759739611754151	0.119335229502304	nosig	NA	1
Echinicola	-0.624084798606861	0.207244090986185	0.683517843352733	6.24465656956744e-05	0.704866921491606	0.15189286984175	nosig	NA	1
Elizabethkingia	0.13054946996472	0.621768741264933	0.206371115418256	2.40271700017341e-05	0.894174299815189	0.0485778166966226	nosig	NA	1
Fermentimonas	0.314362069041911	0.441802641802642	0.354771691549963	0.000859547186376209	0.768169914013144	0.11454270632724	nosig	NA	1
Fibrella	7.68753817153624	0.170903520230797	0.767248991690819	6.76666576557093e-06	0.704866921491606	0.15189286984175	nosig	NA	1
Filimonas	7.68753817153624	0.381573905705021	0.418421332594266	1.8037518037518e-06	0.704866921491606	0.15189286984175	nosig	NA	1
Flammeovirga	-0.674421716331829	0.082983682983683	1.08100729421185	0.00110862382655508	0.704866921491606	0.15189286984175	nosig	NA	1
Flavisolibacter	-0.336482143548026	0.596799059583404	0.224171869882003	3.44105534053283e-05	0.875094892715217	0.0579448508084408	nosig	NA	1
Flavobacterium	1.61046828884362	0.712989487450741	0.146916873480241	0.000173263163090495	0.947202005106973	0.0235573912736338	nosig	NA	1
Fluviicola	7.68753817153624	0.381573905705021	0.418421332594266	2.49003984063745e-06	0.704866921491606	0.15189286984175	nosig	NA	1
Gramella	1.39361444960283	0.406552852098087	0.390882987874303	1.04652102207553e-05	0.726255778043156	0.138910399369563	nosig	NA	1
Haliscomenobacter	-1.95122270224196	1	0	1.71939477303989e-06	1	0	nosig	NA	1
Hymenobacter	1.09405226362365	0.613698769302375	0.212044747639522	3.94395660776346e-05	0.886050294140707	0.0525416259144658	nosig	NA	1
Kaistella	2.4718484206697	1	0	1.22950819672131e-05	1	0	nosig	NA	1
Kordia	-0.294579192963741	0.77233744129278	0.112192910969339	4.51002806339141e-05	0.988375886409642	0.00507785870397151	nosig	NA	1
Labilibaculum	-2.58340476280077	0.334151659119493	0.476056378189392	3.36021505376344e-06	0.704866921491606	0.15189286984175	nosig	NA	1
Maribacter	7.68753817153624	0.381573905705021	0.418421332594266	2.69396551724138e-06	0.704866921491606	0.15189286984175	nosig	NA	1
Maribellus	0.237419008210422	0.798445998445998	0.0977544513100782	0.00269002234260572	0.990614357394018	0.00409538189383057	nosig	NA	1
Mucilaginibacter	1.56630323470186	0.207391400036651	0.68320925659724	4.03639921503669e-05	0.704866921491606	0.15189286984175	nosig	NA	1
Mucinivorans	0.438121477084328	0.328205128205128	0.483854637378631	0.00188688973661153	0.704866921491606	0.15189286984175	nosig	NA	1
Muribaculum	0.0256390562949987	0.878477078477078	0.0562695657802869	0.321444765842152	1	0	nosig	Muribaculum	1
Muricauda	-8.45629198868986	0.381573905705021	0.418421332594266	0	0.704866921491606	0.15189286984175	nosig	NA	1
Muriicola	7.68753817153624	0.381573905705021	0.418421332594266	2.33208955223881e-06	0.704866921491606	0.15189286984175	nosig	NA	1
Myroides	-0.680763789015477	0.90394632428869	0.0438573568668024	1.14703008599056e-05	1	0	nosig	NA	1
Niabella	-0.0793053390803686	0.750935913837215	0.124397124852631	2.82724155149786e-05	0.966054637836277	0.0149983101893107	nosig	NA	1
Niastella	1.51565411464753	0.488142933739699	0.311452993068265	7.24970684245555e-06	0.81025085600331	0.0913805014777114	nosig	NA	1
Nonlabens	-8.45629198868986	0.381573905705021	0.418421332594266	0	0.704866921491606	0.15189286984175	nosig	NA	1
Odoribacter	-0.102054077089429	0.878477078477078	0.0562695657802869	0.0291248349589537	1	0	nosig	Odoribacter	1
Paludibacter	1.13429045613132	0.051684522115132	1.28663949494081	0.000204146900775472	0.704866921491606	0.15189286984175	enriched	NA	1
Panacibacter	-1.00361379166097	0.22389911550357	0.649947622064907	1.62317082005216e-05	0.704866921491606	0.15189286984175	nosig	NA	1
Parabacteroides	0.153251302865294	0.720901320901321	0.142124178721646	0.0114934642173868	0.947396349909815	0.023468292836983	nosig	NA	1
Paraflavitalea	0.720718286631338	0.552819460426901	0.257416677270507	2.38336510778807e-05	0.868597330254608	0.0611815098315764	nosig	NA	1
Paraprevotella	-1.05466452553132	0.0104118104118104	1.98247374853958	0.000148588621671724	0.544388944388944	0.264090703159425	depleted	NA	1
Pedobacter	0.8011810891352	0.311201852084326	0.506957827017794	5.0119129323363e-05	0.704866921491606	0.15189286984175	nosig	NA	1
Petrimonas	-0.510379359237882	0.77233744129278	0.112192910969339	1.28061453659854e-05	0.988375886409642	0.00507785870397151	nosig	NA	1
Phnomibacter	-0.163736885920456	1	0	1.71939477303989e-06	1	0	nosig	NA	1
Phocaeicola	-0.283203250290424	0.573737373737374	0.241286858886531	0.000788231209097298	0.868597330254608	0.0611815098315764	nosig	NA	1
Polaribacter	-8.45629198868986	0.381573905705021	0.418421332594266	0	0.704866921491606	0.15189286984175	nosig	NA	1
Pontibacter	-0.460463729948592	0.866373292058218	0.0622949442988505	9.79508671068163e-06	1	0	nosig	NA	1
Porphyromonas	-0.0540216942857731	0.645376845376845	0.190186620130527	0.000504610800795887	0.905011208459484	0.0433460420743977	nosig	NA	1
Prevotella	-0.0799313463319905	0.328205128205128	0.483854637378631	0.000837267411744491	0.704866921491606	0.15189286984175	nosig	NA	1
Proteiniphilum	7.68753817153624	0.381573905705021	0.418421332594266	2.05254515599343e-06	0.704866921491606	0.15189286984175	nosig	NA	1
Pseudobacter	0.00792524124711479	0.95799832386793	0.0186352507706682	3.63065108238278e-05	1	0	nosig	NA	1
Pseudocnuella	0.952062381608247	0.109550204032465	0.960386809248039	3.2263005057743e-05	0.704866921491606	0.15189286984175	nosig	NA	1
Pseudopedobacter	-0.0875608028075718	0.798445998445998	0.0977544513100782	6.5745964539149e-05	0.990614357394018	0.00409538189383057	nosig	NA	1
Pseudoprevotella	0.242546484215879	0.525242342972224	0.279640270057945	4.91193795122788e-05	0.846218780044424	0.072517340645992	nosig	NA	1
Psychroflexus	-8.45629198868986	0.381573905705021	0.418421332594266	0	0.704866921491606	0.15189286984175	nosig	NA	1
Rhodocytophaga	-1.7465469610063	0.836045800136713	0.0777699304535564	9.91919891644868e-06	1	0	nosig	NA	1
Robiginitalea	1.35077884571597	0.406552852098087	0.390882987874303	1.14780278804291e-05	0.726255778043156	0.138910399369563	nosig	NA	1
Roseivirga	-8.45629198868986	0.381573905705021	0.418421332594266	0	0.704866921491606	0.15189286984175	nosig	NA	1
Rufibacter	7.68753817153624	0.170903520230797	0.767248991690819	6.35777984077419e-06	0.704866921491606	0.15189286984175	nosig	NA	1
Sodaliphilus	-0.0572199285107742	0.573737373737374	0.241286858886531	0.0804784563217379	0.868597330254608	0.0611815098315764	nosig	Sodaliphilus	1
Solitalea	-0.914903130399436	0.177687439100587	0.750343271812664	4.23362264611677e-05	0.704866921491606	0.15189286984175	nosig	NA	1
Sphingobacterium	-0.0427846546942998	1	0	4.99782202872931e-05	1	0	nosig	NA	1
Spirosoma	-0.0355469005940455	0.91629779799785	0.0379633571090374	7.22892875771543e-05	1	0	nosig	NA	1
Tannerella	0.181641309676952	0.573737373737374	0.241286858886531	0.00018802269271594	0.868597330254608	0.0611815098315764	nosig	NA	1
Tenacibaculum	7.68753817153624	0.381573905705021	0.418421332594266	2.18531468531469e-06	0.704866921491606	0.15189286984175	nosig	NA	1
Winogradskyella	7.68753817153624	0.381573905705021	0.418421332594266	1.94401244167963e-06	0.704866921491606	0.15189286984175	nosig	NA	1
Caldithrix	0.483284182700768	0.36542155791502	0.43720583517899	1.21517139251365e-05	0.704866921491606	0.15189286984175	nosig	NA	1
Candidatus_Cloacimonas	-0.258943309194693	1	0	2.53549695740365e-06	1	0	nosig	NA	1
Candidatus_Vampirococcus	7.68753817153624	0.381573905705021	0.418421332594266	6.72043010752688e-06	0.704866921491606	0.15189286984175	nosig	NA	1
Candidatus_Saccharimonas	0.548359701109636	0.461920478323797	0.335432783746352	7.54098712161028e-05	0.797466486162782	0.0982875592806924	nosig	NA	1
Neochlamydia	7.68753817153624	0.381573905705021	0.418421332594266	3.43878954607978e-06	0.704866921491606	0.15189286984175	nosig	NA	1
Simkania	1.60144853013179	0.082077297728314	1.08577695049007	1.97160043703644e-05	0.704866921491606	0.15189286984175	enriched	NA	1
Waddlia	7.68753817153624	0.381573905705021	0.418421332594266	2.17391304347826e-06	0.704866921491606	0.15189286984175	nosig	NA	1
Chloroherpeton	-8.45629198868986	0.381573905705021	0.418421332594266	0	0.704866921491606	0.15189286984175	nosig	NA	1
Prosthecochloris	-8.45629198868986	0.381573905705021	0.418421332594266	0	0.704866921491606	0.15189286984175	nosig	NA	1
Anaerolinea	0.386224258922235	0.945001830339073	0.0245673503210126	1.80020283975659e-05	1	0	nosig	NA	1
Brevefilum	-0.757175945116561	0.5009042191737	0.300245310182837	8.72228915684801e-06	0.825815064043128	0.0831171992390651	nosig	NA	1
Caldilinea	1.85647885555229	0.037644290631016	1.4243008822911	7.37464994034773e-05	0.704866921491606	0.15189286984175	enriched	NA	1
Candidatus_Promineofilum	-8.45629198868986	0.0764479298304189	1.11663427055773	0	0.704866921491606	0.15189286984175	depleted	NA	1
Chloroflexus	1.00177627814988	0.196658585493336	0.706287088913583	1.5040126919027e-05	0.704866921491606	0.15189286984175	nosig	NA	1
Dehalococcoides	0.569649549024312	0.382284382284382	0.417613444137026	0.0172921212822565	0.704866921491606	0.15189286984175	nosig	Dehalococcoides	1
Dehalogenimonas	-0.980477441735182	1	0	3.40599455040872e-06	1	0	nosig	NA	1
Ktedonosporobacter	-2.37053826162397	0.0370980043608158	1.4306494520668	1.5644371311705e-05	0.704866921491606	0.15189286984175	depleted	NA	1
Pelolinea	0.657685981976909	0.557672607434147	0.253620687286032	3.00923308271252e-05	0.868597330254608	0.0611815098315764	nosig	NA	1
Roseiflexus	7.68753817153624	0.170903520230797	0.767248991690819	5.13338382563326e-06	0.704866921491606	0.15189286984175	nosig	NA	1
Sphaerobacter	7.68753817153624	0.381573905705021	0.418421332594266	3.23834196891192e-06	0.704866921491606	0.15189286984175	nosig	NA	1
Tepidiforma	-1.40416506784003	0.406552852098087	0.390882987874303	4.88701227617484e-06	0.726255778043156	0.138910399369563	nosig	NA	1
Thermobaculum	0.446827793407422	0.293266338421946	0.532737783172081	0.000133949593396926	0.704866921491606	0.15189286984175	nosig	NA	1
Desulfurispirillum	-0.869859864663551	1	0	2e-06	1	0	nosig	NA	1
Coprothermobacter	-1.01579197204359	1	0	1.94401244167963e-06	1	0	nosig	NA	1
Acaryochloris	7.68753817153624	0.381573905705021	0.418421332594266	1.25881168177241e-06	0.704866921491606	0.15189286984175	nosig	NA	1
Calothrix	7.68753817153624	0.381573905705021	0.418421332594266	1.94401244167963e-06	0.704866921491606	0.15189286984175	nosig	NA	1
Chroococcidiopsis	7.68753817153624	0.170903520230797	0.767248991690819	7.37373654569749e-06	0.704866921491606	0.15189286984175	nosig	NA	1
Cyanothece	1	1	0	5.58035714285714e-06	1	0	nosig	NA	1
Geminocystis	-8.45629198868986	0.381573905705021	0.418421332594266	0	0.704866921491606	0.15189286984175	nosig	NA	1
Leptolyngbya	7.68753817153624	0.381573905705021	0.418421332594266	1.84638109305761e-06	0.704866921491606	0.15189286984175	nosig	NA	1
Oscillatoria	-1.17491891223352	0.836045800136713	0.0777699304535564	7.02680823826198e-06	1	0	nosig	NA	1
Pseudanabaena	0.00661787876450784	1	0	2.8735632183908e-06	1	0	nosig	NA	1
Rippkaea	-1.04678145653695	0.589744362208388	0.229336202156636	4.8828125e-06	0.868597330254608	0.0611815098315764	nosig	NA	1
Scytonema	7.68753817153624	0.381573905705021	0.418421332594266	3.06372549019608e-06	0.704866921491606	0.15189286984175	nosig	NA	1
Synechococcus	-0.505322693464842	0.328205128205128	0.483854637378631	0.000384602861424908	0.704866921491606	0.15189286984175	nosig	NA	1
Trichodesmium	1.69636262703819	0.00699300699300699	2.15533603746506	0.00111153864059639	0.426573426573427	0.370006202454295	enriched	NA	1
Deferribacter	7.68753817153624	0.0764479298304189	1.11663427055773	7.99930225385171e-06	0.704866921491606	0.15189286984175	enriched	NA	1
Denitrovibrio	1.29069074873666	1	0	4.83870967741936e-06	1	0	nosig	NA	1
Flexistipes	0.291012457028383	0.746317879932455	0.127076153632205	2.15103184394302e-05	0.966054637836277	0.0149983101893107	nosig	NA	1
Geovibrio	-0.960734108330043	0.565563097938799	0.247518935286804	4.82690243320611e-06	0.868597330254608	0.0611815098315764	nosig	NA	1
Deinococcus	-0.361918218975257	0.862186694400762	0.064398683631186	2.57176215948883e-05	1	0	nosig	NA	1
Meiothermus	0.215369688416069	1	0	0.000916135211550076	1	0	nosig	NA	1
Thermus	7.68753817153624	0.381573905705021	0.418421332594266	2.34521575984991e-06	0.704866921491606	0.15189286984175	nosig	NA	1
Truepera	-0.209268284334963	0.407774760622591	0.389579658551885	2.14132762312634e-05	0.726255778043156	0.138910399369563	nosig	NA	1
Dictyoglomus	-1.49119085998627	0.0892626890842454	1.04933003395462	1.01938516371697e-05	0.704866921491606	0.15189286984175	depleted	NA	1
Elusimicrobium	0.0180443378046306	0.635506557093934	0.196879964079255	3.7554049776873e-05	0.905011208459484	0.0433460420743977	nosig	NA	1
Endomicrobium	7.68753817153624	0.381573905705021	0.418421332594266	5.41125541125541e-06	0.704866921491606	0.15189286984175	nosig	NA	1
Methanococcoides	7.68753817153624	0.381573905705021	0.418421332594266	2.17391304347826e-06	0.704866921491606	0.15189286984175	nosig	NA	1
Methanothrix	7.68753817153624	0.381573905705021	0.418421332594266	2.7292576419214e-06	0.704866921491606	0.15189286984175	nosig	NA	1
Fibrobacter	-1.76539362019398	0.0892626890842454	1.04933003395462	9.21355412933832e-06	0.704866921491606	0.15189286984175	depleted	NA	1
Absiella	1.11216019189639	0.0104118104118104	1.98247374853958	0.00052981352139302	0.544388944388944	0.264090703159425	enriched	NA	1
Acetilactobacillus	1.0492037783221	0.305004520647559	0.515693723677018	1.29243398466631e-05	0.704866921491606	0.15189286984175	nosig	NA	1
Acetivibrio	1.3595580954178	0.0926516686095555	1.03314675485132	0.000102452137991934	0.704866921491606	0.15189286984175	enriched	NA	1
Acetobacterium	0.430627196821883	0.573737373737374	0.241286858886531	0.000544579727505262	0.868597330254608	0.0611815098315764	nosig	NA	1
Acetohalobium	0.140301077375309	0.789853469869126	0.102453469633299	2.3999614779419e-05	0.990614357394018	0.00409538189383057	nosig	NA	1
Acidaminococcus	7.68753817153624	0.381573905705021	0.418421332594266	5.15818431911967e-06	0.704866921491606	0.15189286984175	nosig	NA	1
Aerococcus	-8.45629198868986	0.032254407946383	1.49141092549458	0	0.704866921491606	0.15189286984175	depleted	NA	1
Alicyclobacillus	2.20711341507167	0.482500424617946	0.316502300125059	0.000177365289879326	0.81025085600331	0.0913805014777114	nosig	NA	1
Alkalihalobacillus	7.68753817153624	0.170903520230797	0.767248991690819	1.05641455538997e-05	0.704866921491606	0.15189286984175	nosig	NA	1
Alkaliphilus	-0.0592616958033702	0.866373292058218	0.0622949442988505	2.45816941694859e-05	1	0	nosig	NA	1
Aminipila	0.247543063873988	1	0	0.00114653853637862	1	0	nosig	NA	1
Ammonifex	-0.0871106637700384	1	0	2.44140625e-06	1	0	nosig	NA	1
Amylolactobacillus	0.125579737673489	0.488041088838627	0.311543612618848	4.42809652564732e-05	0.81025085600331	0.0913805014777114	nosig	NA	1
Anaerobutyricum	0.199527433243677	0.573737373737374	0.241286858886531	0.000519608801644754	0.868597330254608	0.0611815098315764	nosig	NA	1
Anaerococcus	1.06451440649942	0.589744362208388	0.229336202156636	9.27068173447966e-06	0.868597330254608	0.0611815098315764	nosig	NA	1
Anaerocolumna	1.18799688265476	0.382284382284382	0.417613444137026	0.00588155925691579	0.704866921491606	0.15189286984175	nosig	NA	1
Anaerostipes	2.06087905679965	0.104895104895105	0.979244778409381	0.0475177565169341	0.704866921491606	0.15189286984175	nosig	Anaerostipes	1
Anaerotignum	0.516247151067398	0.441802641802642	0.354771691549963	0.0204642804727664	0.768169914013144	0.11454270632724	nosig	Anaerotignum	1
Aneurinibacillus	0.728776196352859	1	0	3.93081761006289e-06	1	0	nosig	NA	1
Anoxybacillus	0.236733444403469	1	0	2.18531468531469e-06	1	0	nosig	NA	1
Anoxybacter	7.68753817153624	0.381573905705021	0.418421332594266	2.16262975778547e-06	0.704866921491606	0.15189286984175	nosig	NA	1
Bacillus	0.663378542793632	0.328205128205128	0.483854637378631	0.00175694993433828	0.704866921491606	0.15189286984175	nosig	NA	1
Biomaibacter	-8.45629198868986	0.170903520230797	0.767248991690819	0	0.704866921491606	0.15189286984175	nosig	NA	1
Blautia	0.564758128403714	0.234498834498834	0.629859311464816	0.00331625652329972	0.704866921491606	0.15189286984175	nosig	NA	1
Bombilactobacillus	-0.328666971993269	0.90394632428869	0.0438573568668024	8.49046188485844e-06	1	0	nosig	NA	1
Brevibacillus	0.333749632308461	1	0	2.31910190100219e-05	1	0	nosig	NA	1
Butyrivibrio	-0.0709120280852973	0.798445998445998	0.0977544513100782	0.0004305928319685	0.990614357394018	0.00409538189383057	nosig	NA	1
Caldanaerobacter	7.68753817153624	0.381573905705021	0.418421332594266	2.49003984063745e-06	0.704866921491606	0.15189286984175	nosig	NA	1
Caldibacillus	7.68753817153624	0.381573905705021	0.418421332594266	2.16262975778547e-06	0.704866921491606	0.15189286984175	nosig	NA	1
Caldicellulosiruptor	-0.446575471648013	0.407774760622591	0.389579658551885	5.38793103448276e-06	0.726255778043156	0.138910399369563	nosig	NA	1
Caloramator	-0.00929774458208954	1	0	2.67665952890792e-06	1	0	nosig	NA	1
Candidatus_Arthromitus	1.8961085445088	0.312686223816409	0.504891252279004	3.25731314153597e-05	0.704866921491606	0.15189286984175	nosig	NA	1
Candidatus_Desulforudis	7.68753817153624	0.00456930456922445	2.34014989286899	9.07264457864738e-05	0.426573426573427	0.370006202454295	enriched	NA	1
Candidatus_Formimonas	-0.182774925491064	0.957492737513927	0.0188645114267944	2.51957108549324e-05	1	0	nosig	NA	1
Caproiciproducens	1.50330982935168	0.488142933739699	0.311452993068265	5.51112664908933e-06	0.81025085600331	0.0913805014777114	nosig	NA	1
Carnobacterium	-8.45629198868986	0.381573905705021	0.418421332594266	0	0.704866921491606	0.15189286984175	nosig	NA	1
Cellulosilyticum	0.723075080380371	0.0206682206682207	1.68469691027332	0.00197982852703269	0.704866921491606	0.15189286984175	nosig	NA	1
Christensenella	0.879479087698383	0.00466200466200466	2.33142729652074	0.00152886393859222	0.426573426573427	0.370006202454295	nosig	NA	1
Clostridioides	0.535356548614864	0.382284382284382	0.417613444137026	0.00111666412342757	0.704866921491606	0.15189286984175	nosig	NA	1
Clostridium	0.267189055439256	0.441802641802642	0.354771691549963	0.0123142532040826	0.768169914013144	0.11454270632724	nosig	NA	1
Cohnella	0.136490523332844	1	0	6.47706530059471e-06	1	0	nosig	NA	1
Cytobacillus	0.360997659565954	1	0	3.06372549019608e-06	1	0	nosig	NA	1
Dehalobacter	-0.229193495901415	0.945001830339073	0.0245673503210126	4.94931897370922e-06	1	0	nosig	NA	1
Dehalobacterium	-0.223393251183542	0.798445998445998	0.0977544513100782	0.000127423059209099	0.990614357394018	0.00409538189383057	nosig	NA	1
Desulfitobacterium	0.90469880097156	0.339924968721348	0.468616933741052	5.20301078789069e-05	0.704866921491606	0.15189286984175	nosig	NA	1
Desulfofarcimen	7.68753817153624	0.381573905705021	0.418421332594266	4.29553264604811e-06	0.704866921491606	0.15189286984175	nosig	NA	1
Desulfoscipio	-0.0387438662308785	1	0	1.77479247168744e-05	1	0	nosig	NA	1
Desulfosporosinus	1.49035664159951	0.153763686608193	0.813146216990818	6.49551748707853e-05	0.704866921491606	0.15189286984175	nosig	NA	1
Desulfotomaculum	-0.604386386785567	0.491634177169701	0.308357933677622	3.69166283525933e-05	0.814199587529912	0.0892691219683223	nosig	NA	1
Dialister	-0.0238019303612485	0.833514212953315	0.0790869902516101	0.000240091833025985	1	0	nosig	NA	1
Dolosigranulum	-8.45629198868986	0.381573905705021	0.418421332594266	0	0.704866921491606	0.15189286984175	nosig	NA	1
Enterococcus	2.62358754068055	0.0621104744239398	1.20683515343176	0.000177805188036289	0.704866921491606	0.15189286984175	enriched	NA	1
Erysipelothrix	-0.55018574792456	0.701191262659848	0.154163504161608	1.70969740294687e-05	0.941783494067906	0.026048925379859	nosig	NA	1
Ethanoligenens	-2.91391102328629	1	0	1.34843581445523e-06	1	0	nosig	NA	1
Eubacterium	0.893379742131926	0.328205128205128	0.483854637378631	0.00323700629940289	0.704866921491606	0.15189286984175	nosig	NA	1
Evansella	-1.07159365743962	0.268735937393746	0.570674252553876	3.9337591118982e-05	0.704866921491606	0.15189286984175	nosig	NA	1
Exiguobacterium	7.68753817153624	0.381573905705021	0.418421332594266	7.70020533880904e-06	0.704866921491606	0.15189286984175	nosig	NA	1
Ezakiella	7.68753817153624	0.381573905705021	0.418421332594266	2.36742424242424e-06	0.704866921491606	0.15189286984175	nosig	NA	1
Faecalibacterium	-0.135715260218169	0.959129759129759	0.0181226338492947	0.00166928744683116	1	0	nosig	NA	1
Faecalibaculum	-0.301261080383192	0.645376845376845	0.190186620130527	0.0142799448218594	0.905011208459484	0.0433460420743977	nosig	Faecalibaculum	1
Faecalitalea	-1.13178975567468	0.488142933739699	0.311452993068265	2.1079258010118e-06	0.81025085600331	0.0913805014777114	nosig	NA	1
Fastidiosipila	0.827926397867483	0.00699300699300699	2.15533603746506	0.000824040481905319	0.426573426573427	0.370006202454295	nosig	NA	1
Filifactor	-0.315165096770935	0.862186694400762	0.064398683631186	1.54405176444613e-05	1	0	nosig	NA	1
Finegoldia	3.12816846788802	0.214338459316668	0.668899895358474	1.90070496266462e-05	0.704866921491606	0.15189286984175	nosig	NA	1
Flavonifractor	1.04920917007378	0.0498834498834499	1.30204351883553	0.0180388085395474	0.704866921491606	0.15189286984175	enriched	Flavonifractor	1
Flintibacter	0.174206133727964	1	0	0.00304016144325922	1	0	nosig	NA	1
Fructilactobacillus	0.488243602963136	0.955270926520046	0.0198734397189725	3.56601692159535e-05	1	0	nosig	NA	1
Furfurilactobacillus	-0.756940736257764	0.589744362208388	0.229336202156636	2.65392781316348e-06	0.868597330254608	0.0611815098315764	nosig	NA	1
Gemella	0.320225828401712	0.784022658299928	0.105671385998683	1.80587034785491e-05	0.990614357394018	0.00409538189383057	nosig	NA	1
Geobacillus	1.8773172491362	0.334151659119493	0.476056378189392	1.23451359374859e-05	0.704866921491606	0.15189286984175	nosig	NA	1
Gottschalkia	-0.917736769325298	0.510331740883146	0.292147419201169	1.87796779676388e-05	0.830139631836585	0.0808488519181207	nosig	NA	1
Gudongella	-0.228426510935682	0.598161452683528	0.223181577640777	3.61788015501881e-05	0.875094892715217	0.0579448508084408	nosig	NA	1
Halobacillus	7.68753817153624	0.170903520230797	0.767248991690819	1.83238075994188e-05	0.704866921491606	0.15189286984175	nosig	NA	1
Halobacteroides	1.01273911183068	1	0	5.54323725055432e-06	1	0	nosig	NA	1
Halocella	1.45382325450899	0.148010694023782	0.829706904958202	3.82242110146959e-05	0.704866921491606	0.15189286984175	nosig	NA	1
Halothermothrix	0.5120996273616	1	0	5.35331905781585e-06	1	0	nosig	NA	1
Heliomicrobium	2.76929933218473	0.110465130411439	0.956774790393203	1.90227878704925e-05	0.704866921491606	0.15189286984175	nosig	NA	1
Heliorestis	1.21802722877505	1	0	3.77643504531722e-06	1	0	nosig	NA	1
Herbinix	0.0330255931570763	0.476087344441214	0.322313362974969	3.94230185704064e-05	0.81025085600331	0.0913805014777114	nosig	NA	1
Hungatella	-0.218973702131145	0.953857153061604	0.0205166591346477	1.2276745660759e-05	1	0	nosig	NA	1
Intestinibaculum	7.68753817153624	0.381573905705021	0.418421332594266	6.09756097560976e-06	0.704866921491606	0.15189286984175	nosig	NA	1
Jeotgalibaca	-8.45629198868986	0.381573905705021	0.418421332594266	0	0.704866921491606	0.15189286984175	nosig	NA	1
Jeotgalicoccus	-8.45629198868986	0.381573905705021	0.418421332594266	0	0.704866921491606	0.15189286984175	nosig	NA	1
Kyrpidia	1.24024996240213	0.225114315064885	0.647596887247304	1.00957034086541e-05	0.704866921491606	0.15189286984175	nosig	NA	1
Laceyella	1.33938843273649	0.589744362208388	0.229336202156636	4.6721571111815e-06	0.868597330254608	0.0611815098315764	nosig	NA	1
Lachnoanaerobaculum	0.243434130649482	0.382284382284382	0.417613444137026	0.000231651792589179	0.704866921491606	0.15189286984175	nosig	NA	1
Lachnoclostridium	1.16947902484646	0.082983682983683	1.08100729421185	0.0699100697998228	0.704866921491606	0.15189286984175	enriched	Lachnoclostridium	1
Lachnospira	0.77844574395706	0.234498834498834	0.629859311464816	0.00325576195514696	0.704866921491606	0.15189286984175	nosig	NA	1
Lacticaseibacillus	-8.45629198868986	0.381573905705021	0.418421332594266	0	0.704866921491606	0.15189286984175	nosig	NA	1
Lactiplantibacillus	-0.723903449571203	0.672143970444527	0.172537692909302	7.14279715554436e-05	0.929161511822795	0.0319087880551494	nosig	NA	1
Lactobacillus	-0.0764627259344502	0.878477078477078	0.0562695657802869	0.03365543776126	1	0	nosig	Lactobacillus	1
Lactococcus	0.328606113259886	0.70907308568472	0.14930899884552	3.06888152569079e-05	0.947156019564261	0.0235784762714969	nosig	NA	1
Latilactobacillus	0.138607294663777	0.525242342972224	0.279640270057945	3.25557061507041e-05	0.846218780044424	0.072517340645992	nosig	NA	1
Lentibacillus	7.68753817153624	0.381573905705021	0.418421332594266	2.45098039215686e-06	0.704866921491606	0.15189286984175	nosig	NA	1
Lentilactobacillus	7.68753817153624	0.381573905705021	0.418421332594266	4.12541254125413e-06	0.704866921491606	0.15189286984175	nosig	NA	1
Leuconostoc	7.68753817153624	0.0127769927806436	1.89357135059499	1.76215471277895e-05	0.623517247695407	0.205151528592274	enriched	NA	1
Ligilactobacillus	-0.0350470414141622	0.959129759129759	0.0181226338492947	0.000206265518507531	1	0	nosig	NA	1
Limnochorda	7.68753817153624	0.381573905705021	0.418421332594266	7.30994152046784e-06	0.704866921491606	0.15189286984175	nosig	NA	1
Limosilactobacillus	-0.157432893046242	1	0	0.000290611338181998	1	0	nosig	NA	1
Lysinibacillus	1.04822519560512	0.54652373171261	0.262390974925516	2.51302078600095e-05	0.86405047864715	0.0634608848850775	nosig	NA	1
Mageeibacillus	-0.993307938573034	0.223364530451847	0.650985790271636	1.80293414223095e-05	0.704866921491606	0.15189286984175	nosig	NA	1
Mahella	-0.0860965202277226	0.407774760622591	0.389579658551885	7.6966359874585e-06	0.726255778043156	0.138910399369563	nosig	NA	1
Mediterraneibacter	0.620520502108632	0.278632478632479	0.554968261678223	0.000167630153079484	0.704866921491606	0.15189286984175	nosig	NA	1
Megamonas	-0.616626405003851	0.528308719235385	0.277112221634534	0.000190047794263416	0.846218780044424	0.072517340645992	nosig	NA	1
Megasphaera	1.26124760404412	0.340987153381906	0.467261982651039	8.55350441048182e-05	0.704866921491606	0.15189286984175	nosig	NA	1
Methylomusa	-8.45629198868986	0.381573905705021	0.418421332594266	0	0.704866921491606	0.15189286984175	nosig	NA	1
Mogibacterium	1.5412996407074	0.0206682206682207	1.68469691027332	0.00136579145647632	0.704866921491606	0.15189286984175	enriched	NA	1
Murdochiella	0.334604786514899	0.792746526993248	0.100865651932185	6.74186590341619e-05	0.990614357394018	0.00409538189383057	nosig	NA	1
Natranaerobius	0.984802237052667	0.589744362208388	0.229336202156636	5.13237035651957e-06	0.868597330254608	0.0611815098315764	nosig	NA	1
Novibacillus	0.955883040921591	0.712381604209866	0.147287303825999	0.00030669032063065	0.947202005106973	0.0235573912736338	nosig	NA	1
Oenococcus	1.95386766297307	0.836045800136713	0.0777699304535564	1.54621523435174e-05	1	0	nosig	NA	1
Oscillibacter	-0.0491650647492443	0.720901320901321	0.142124178721646	0.0042454004212376	0.947396349909815	0.023468292836983	nosig	NA	1
Paenibacillus	0.494686062135504	0.328205128205128	0.483854637378631	0.00187267663515659	0.704866921491606	0.15189286984175	nosig	NA	1
Paraclostridium	0.32291093582986	0.528308719235385	0.277112221634534	3.82354813508043e-05	0.846218780044424	0.072517340645992	nosig	NA	1
Parvimonas	0.935341874723389	0.431535672662924	0.364983297746435	1.83769215195245e-05	0.759739611754151	0.119335229502304	nosig	NA	1
Pediococcus	-8.45629198868986	0.170903520230797	0.767248991690819	0	0.704866921491606	0.15189286984175	nosig	NA	1
Pelosinus	-8.45629198868986	0.381573905705021	0.418421332594266	0	0.704866921491606	0.15189286984175	nosig	NA	1
Peptoclostridium	2.54270142423419	0.111909737067011	0.951132124637875	6.43055084500477e-05	0.704866921491606	0.15189286984175	nosig	NA	1
Peptoniphilus	-1.12458353078468	0.20261353134705	0.693331554073858	1.12495956324672e-05	0.704866921491606	0.15189286984175	nosig	NA	1
Peribacillus	7.68753817153624	0.381573905705021	0.418421332594266	3.05623471882641e-06	0.704866921491606	0.15189286984175	nosig	NA	1
Petrocella	0.554473088092715	0.645376845376845	0.190186620130527	0.000976914677531623	0.905011208459484	0.0433460420743977	nosig	NA	1
Phascolarctobacterium	-1.03306274986481	1	0	5.02678566759205e-05	1	0	nosig	NA	1
Planococcus	-8.45629198868986	0.381573905705021	0.418421332594266	0	0.704866921491606	0.15189286984175	nosig	NA	1
Pseudobutyrivibrio	0.122039632870595	0.958060261825581	0.0186071730141338	0.000213513895454081	1	0	nosig	NA	1
Pseudoclostridium	1.98046881617423	0.00699300699300699	2.15533603746506	0.00110140427528728	0.426573426573427	0.370006202454295	enriched	NA	1
Psychrobacillus	-8.45629198868986	0.170903520230797	0.767248991690819	0	0.704866921491606	0.15189286984175	nosig	NA	1
Radiobacillus	-8.45629198868986	0.381573905705021	0.418421332594266	0	0.704866921491606	0.15189286984175	nosig	NA	1
Roseburia	0.238085650606219	0.441802641802642	0.354771691549963	0.00157407291522264	0.768169914013144	0.11454270632724	nosig	NA	1
Ruminococcus	1.37170671408306	0.0206682206682207	1.68469691027332	0.0121138620552473	0.704866921491606	0.15189286984175	enriched	NA	1
Ruthenibacterium	0.0578501658267257	0.798445998445998	0.0977544513100782	0.00247813860433754	0.990614357394018	0.00409538189383057	nosig	NA	1
Salicibibacter	-0.979145697470315	0.694598076982301	0.158266423382197	9.40893248692583e-06	0.941783494067906	0.026048925379859	nosig	NA	1
Schleiferilactobacillus	-1.05185771089594	0.54652373171261	0.262390974925516	2.22067429123811e-05	0.86405047864715	0.0634608848850775	nosig	NA	1
Selenomonas	0.112989218054208	1	0	1.4609780162888e-05	1	0	nosig	NA	1
Sporolactobacillus	7.68753817153624	0.381573905705021	0.418421332594266	1.34843581445523e-06	0.704866921491606	0.15189286984175	nosig	NA	1
Sporomusa	-8.45629198868986	0.381573905705021	0.418421332594266	0	0.704866921491606	0.15189286984175	nosig	NA	1
Sporosarcina	0.447028774767077	0.194871794871795	0.710251014745708	0.0151029558568458	0.704866921491606	0.15189286984175	nosig	NA	1
Staphylococcus	0.911436255272822	0.0498834498834499	1.30204351883553	0.0656904545709865	0.704866921491606	0.15189286984175	nosig	Staphylococcus	1
Streptococcus	0.0908269458472054	0.645376845376845	0.190186620130527	0.00216015027196845	0.905011208459484	0.0433460420743977	nosig	NA	1
Symbiobacterium	-0.152706096964171	0.959129759129759	0.0181226338492947	5.62422068170668e-05	1	0	nosig	NA	1
Syntrophobotulus	0.571166898224278	0.953857153061604	0.0205166591346477	2.38173542668611e-05	1	0	nosig	NA	1
Syntrophomonas	-1.53648616712929	0.180008443727484	0.744707122795331	8.99280575539568e-06	0.704866921491606	0.15189286984175	nosig	NA	1
Syntrophothermus	0.161201450050179	0.599241515835671	0.222398106066666	3.7291107105549e-05	0.875094892715217	0.0579448508084408	nosig	NA	1
Tetragenococcus	7.68753817153624	0.381573905705021	0.418421332594266	2.05254515599343e-06	0.704866921491606	0.15189286984175	nosig	NA	1
Thermacetogenium	7.68753817153624	0.170903520230797	0.767248991690819	6.37404027234536e-06	0.704866921491606	0.15189286984175	nosig	NA	1
Thermaerobacter	0.0099496604076052	1	0	4.32525951557093e-06	1	0	nosig	NA	1
Thermoactinomyces	7.68753817153624	0.381573905705021	0.418421332594266	3.60230547550432e-06	0.704866921491606	0.15189286984175	nosig	NA	1
Thermoanaerobacter	7.68753817153624	0.381573905705021	0.418421332594266	3.05623471882641e-06	0.704866921491606	0.15189286984175	nosig	NA	1
Thermoanaerobacterium	7.68753817153624	0.381573905705021	0.418421332594266	3.18066157760814e-06	0.704866921491606	0.15189286984175	nosig	NA	1
Thermoclostridium	2.07253607102443	0.141990846650732	0.847739651231071	1.16581327318617e-05	0.704866921491606	0.15189286984175	nosig	NA	1
Thermosediminibacter	-8.45629198868986	0.381573905705021	0.418421332594266	0	0.704866921491606	0.15189286984175	nosig	NA	1
Tissierella	7.68753817153624	0.381573905705021	0.418421332594266	1.82215743440233e-06	0.704866921491606	0.15189286984175	nosig	NA	1
Tumebacillus	-0.663097642370144	0.23555891992408	0.627900445658566	3.85498938952557e-05	0.704866921491606	0.15189286984175	nosig	NA	1
Turicibacter	-0.229938898886154	0.878477078477078	0.0562695657802869	0.001225439386227	1	0	nosig	NA	1
Ureibacillus	-8.45629198868986	0.381573905705021	0.418421332594266	0	0.704866921491606	0.15189286984175	nosig	NA	1
Vagococcus	7.68753817153624	0.381573905705021	0.418421332594266	5.28541226215645e-06	0.704866921491606	0.15189286984175	nosig	NA	1
Veillonella	0.0389527630026805	0.787481901270726	0.103759418831794	6.91784796510307e-05	0.990614357394018	0.00409538189383057	nosig	NA	1
Virgibacillus	-8.45629198868986	0.381573905705021	0.418421332594266	0	0.704866921491606	0.15189286984175	nosig	NA	1
Weissella	0.062106224260351	0.750756008888791	0.124501183115927	3.24157261006412e-05	0.966054637836277	0.0149983101893107	nosig	NA	1
Fusobacterium	-6.16651388436666	0.091125993228696	1.04035772505102	4.49346405228758e-06	0.704866921491606	0.15189286984175	depleted	NA	1
Leptotrichia	-1.43171827394697	1	0	5.66893424036281e-06	1	0	nosig	NA	1
Pseudoleptotrichia	-8.45629198868986	0.381573905705021	0.418421332594266	0	0.704866921491606	0.15189286984175	nosig	NA	1
Gemmatimonas	0.539330976088777	0.400467549571982	0.397432669624182	4.69747781546276e-05	0.726255778043156	0.138910399369563	nosig	NA	1
Gemmatirosa	1.86584507409927	0.0219109698020534	1.65933839969355	4.20361640376591e-05	0.704866921491606	0.15189286984175	enriched	NA	1
Ignavibacterium	-2.30596395821056	0.269699624390875	0.569119658386129	2.03915171288744e-06	0.704866921491606	0.15189286984175	nosig	NA	1
Melioribacter	2.68554704278298	0.251613912866729	0.599265348464478	3.34460858226277e-05	0.704866921491606	0.15189286984175	nosig	NA	1
Kiritimatiella	0.211080992830261	0.872959425288042	0.059005941612893	2.86034364074796e-05	1	0	nosig	NA	1
Leptospirillum	0.174678531412947	1	0	4.12541254125413e-06	1	0	nosig	NA	1
Nitrospira	0.670652697920676	0.429536845063436	0.366999577068086	5.16974808664512e-05	0.759470943445496	0.119488837130593	nosig	NA	1
Thermodesulfovibrio	7.68753817153624	0.170903520230797	0.767248991690819	6.9155911126827e-06	0.704866921491606	0.15189286984175	nosig	NA	1
Caulifigura	7.68753817153624	0.381573905705021	0.418421332594266	2.1079258010118e-06	0.704866921491606	0.15189286984175	nosig	NA	1
Limihaloglobus	1.07053521251563	0.836045800136713	0.0777699304535564	8.93768337798189e-06	1	0	nosig	NA	1
Paludisphaera	7.68753817153624	0.170903520230797	0.767248991690819	4.52966380371294e-06	0.704866921491606	0.15189286984175	nosig	NA	1
Planctomyces	7.68753817153624	0.170903520230797	0.767248991690819	5.24808358269173e-06	0.704866921491606	0.15189286984175	nosig	NA	1
Rubinisphaera	-8.45629198868986	0.381573905705021	0.418421332594266	0	0.704866921491606	0.15189286984175	nosig	NA	1
Singulisphaera	7.68753817153624	0.170903520230797	0.767248991690819	4.05406352008294e-06	0.704866921491606	0.15189286984175	nosig	NA	1
Achromobacter	-0.359244256224989	0.749558782745198	0.125194302747908	9.38985331342769e-06	0.966054637836277	0.0149983101893107	nosig	NA	1
Acidibrevibacterium	-2.61766216201762	0.214338459316668	0.668899895358474	2.3719165085389e-06	0.704866921491606	0.15189286984175	nosig	NA	1
Acidihalobacter	0.323293237954217	0.798445998445998	0.0977544513100782	9.87006145405239e-05	0.990614357394018	0.00409538189383057	nosig	NA	1
Acidiphilium	2.02128038646472	0.589744362208388	0.229336202156636	1.08657362364545e-05	0.868597330254608	0.0611815098315764	nosig	NA	1
Acidithiobacillus	0.336737408814228	0.666227645409619	0.176377350030099	2.43016428193171e-05	0.923633781136062	0.0345001915055196	nosig	NA	1
Acidovorax	-0.0564505187856501	0.822333756389101	0.0849518818038159	1.27455564724836e-05	1	0	nosig	NA	1
Acinetobacter	0.129465227414318	1	0	9.48930521330183e-05	1	0	nosig	NA	1
Aeromonas	0.947170610657657	0.945001830339073	0.0245673503210126	1.30985120936464e-05	1	0	nosig	NA	1
Afipia	0.390025199030575	0.955270926520046	0.0198734397189725	2.26987206317743e-05	1	0	nosig	NA	1
Aggregatibacter	7.68753817153624	0.0764479298304189	1.11663427055773	5.99586073996812e-06	0.704866921491606	0.15189286984175	enriched	NA	1
Ahniella	7.68753817153624	0.381573905705021	0.418421332594266	2.65392781316348e-06	0.704866921491606	0.15189286984175	nosig	NA	1
Alcaligenes	1.01253094745	0.589744362208388	0.229336202156636	8.8175141768151e-06	0.868597330254608	0.0611815098315764	nosig	NA	1
Alcanivorax	-1.26253468883332	0.589744362208388	0.229336202156636	2.53549695740365e-06	0.868597330254608	0.0611815098315764	nosig	NA	1
Altererythrobacter	7.68753817153624	0.381573905705021	0.418421332594266	1.92604006163328e-06	0.704866921491606	0.15189286984175	nosig	NA	1
Alteromonas	7.68753817153624	0.381573905705021	0.418421332594266	2.77161862527716e-06	0.704866921491606	0.15189286984175	nosig	NA	1
Anaeromyxobacter	-0.725557069126576	0.188937448002994	0.723681954999197	4.09903885778214e-05	0.704866921491606	0.15189286984175	nosig	NA	1
Anaplasma	-0.226662016168832	1	0	6.64893617021277e-06	1	0	nosig	NA	1
Aquabacterium	0.126712934621014	1	0	4.09836065573771e-06	1	0	nosig	NA	1
Aquella	7.68753817153624	0.381573905705021	0.418421332594266	3.04878048780488e-06	0.704866921491606	0.15189286984175	nosig	NA	1
Aquicella	0.0612067049161519	1	0	6.49549463798464e-06	1	0	nosig	NA	1
Aquirhabdus	-8.45629198868986	0.381573905705021	0.418421332594266	0	0.704866921491606	0.15189286984175	nosig	NA	1
Archangium	7.68753817153624	0.381573905705021	0.418421332594266	2.96912114014252e-06	0.704866921491606	0.15189286984175	nosig	NA	1
Arsenophonus	0.721650046328648	0.836045800136713	0.0777699304535564	7.17305343020639e-06	1	0	nosig	NA	1
Asticcacaulis	7.68753817153624	0.381573905705021	0.418421332594266	2.56673511293635e-06	0.704866921491606	0.15189286984175	nosig	NA	1
Atlantibacter	7.68753817153624	0.381573905705021	0.418421332594266	2.56673511293635e-06	0.704866921491606	0.15189286984175	nosig	NA	1
Aurantiacibacter	-8.45629198868986	0.381573905705021	0.418421332594266	0	0.704866921491606	0.15189286984175	nosig	NA	1
Aureimonas	-0.192109854400405	1	0	1.62337662337662e-06	1	0	nosig	NA	1
Azoarcus	7.68753817153624	0.0764479298304189	1.11663427055773	6.70916185991563e-06	0.704866921491606	0.15189286984175	enriched	NA	1
Azospira	-0.421862635625901	0.602524352361297	0.220025395421307	1.07253716533635e-05	0.875094892715217	0.0579448508084408	nosig	NA	1
Azospirillum	-8.45629198868986	0.381573905705021	0.418421332594266	0	0.704866921491606	0.15189286984175	nosig	NA	1
Bacteriovorax	7.68753817153624	0.381573905705021	0.418421332594266	2.83446712018141e-06	0.704866921491606	0.15189286984175	nosig	NA	1
Bartonella	-0.621253773112793	1	0	2.64270613107822e-06	1	0	nosig	NA	1
Basilea	1.18447066255588	0.251613912866729	0.599265348464478	1.16782773634934e-05	0.704866921491606	0.15189286984175	nosig	NA	1
Bdellovibrio	-0.0591957925078999	1	0	3.14070351758794e-06	1	0	nosig	NA	1
Beggiatoa	-8.45629198868986	0.381573905705021	0.418421332594266	0	0.704866921491606	0.15189286984175	nosig	NA	1
Bibersteinia	-8.45629198868986	0.381573905705021	0.418421332594266	0	0.704866921491606	0.15189286984175	nosig	NA	1
Blastochloris	2.23526865864681	0.110465130411439	0.956774790393203	9.49295097725496e-06	0.704866921491606	0.15189286984175	nosig	NA	1
Bombella	1.04597644159778	0.836045800136713	0.0777699304535564	9.21201814058957e-06	1	0	nosig	NA	1
Bordetella	-8.45629198868986	0.170903520230797	0.767248991690819	0	0.704866921491606	0.15189286984175	nosig	NA	1
Bosea	-0.730707422988141	0.685443482677522	0.16402834856692	7.92012269808298e-06	0.941783494067906	0.026048925379859	nosig	NA	1
Bradymonas	0.62377634203412	0.33179983649777	0.4791238323205	3.42576551245749e-05	0.704866921491606	0.15189286984175	nosig	NA	1
Bradyrhizobium	-0.690208009800648	0.54652373171261	0.262390974925516	1.4419443501192e-05	0.86405047864715	0.0634608848850775	nosig	NA	1
Brevundimonas	-0.0315247200157064	0.562371966971069	0.249976336091378	6.60851285581857e-05	0.868597330254608	0.0611815098315764	nosig	NA	1
Burkholderia	0.0596437581678452	0.798445998445998	0.0977544513100782	0.000181990469979273	0.990614357394018	0.00409538189383057	nosig	NA	1
Caminibacter	7.68753817153624	0.381573905705021	0.418421332594266	1.84638109305761e-06	0.704866921491606	0.15189286984175	nosig	NA	1
Campylobacter	0.494435093093647	0.720901320901321	0.142124178721646	0.000456022077442886	0.947396349909815	0.023468292836983	nosig	NA	1
Candidatus_Annandia	-0.100070164571226	0.862186694400762	0.064398683631186	8.64822775310918e-06	1	0	nosig	NA	1
Candidatus_Carsonella	7.68753817153624	0.381573905705021	0.418421332594266	1.61290322580645e-06	0.704866921491606	0.15189286984175	nosig	NA	1
Candidatus_Cytomitobacter	-1.91432241410858	0.20511387641626	0.688004957636732	5.75206043956044e-06	0.704866921491606	0.15189286984175	nosig	NA	1
Candidatus_Deianiraea	1.63269673239058	0.334151659119493	0.476056378189392	1.31394954030205e-05	0.704866921491606	0.15189286984175	nosig	NA	1
Candidatus_Gullanella	7.68753817153624	0.381573905705021	0.418421332594266	5.36480686695279e-06	0.704866921491606	0.15189286984175	nosig	NA	1
Candidatus_Hodgkinia	6.98867106503294	0.00090685675099235	3.04246130959579	0.00160516252315072	0.159254079254079	0.797909434503776	enriched	NA	1
Candidatus_Methylopumilus	7.68753817153624	0.381573905705021	0.418421332594266	2.83446712018141e-06	0.704866921491606	0.15189286984175	nosig	NA	1
Candidatus_Midichloria	-0.105645039455108	1	0	2.38549618320611e-06	1	0	nosig	NA	1
Candidatus_Nucleicultrix	1.12286342192464	0.52273349255784	0.28171967291342	1.04926513050767e-05	0.846218780044424	0.072517340645992	nosig	NA	1
Candidatus_Phaeomarinobacter	-8.45629198868986	0.381573905705021	0.418421332594266	0	0.704866921491606	0.15189286984175	nosig	NA	1
Candidatus_Phycorickettsia	0.660399915870727	0.836045800136713	0.0777699304535564	8.12115446891192e-06	1	0	nosig	NA	1
Candidatus_Sneabacter	-1.71887236504658	0.406552852098087	0.390882987874303	3.968523721764e-06	0.726255778043156	0.138910399369563	nosig	NA	1
Castellaniella	0.350075441279041	0.945001830339073	0.0245673503210126	3.96545202370445e-05	1	0	nosig	NA	1
Caulobacter	-0.296383465239295	0.791391116128031	0.101608829276245	4.44526953421006e-05	0.990614357394018	0.00409538189383057	nosig	NA	1
Cellvibrio	-0.223125015251801	0.862186694400762	0.064398683631186	1.23322714671477e-05	1	0	nosig	NA	1
Chelativorans	7.68753817153624	0.381573905705021	0.418421332594266	2.6824034334764e-06	0.704866921491606	0.15189286984175	nosig	NA	1
Chelatococcus	-0.236227445529475	0.749558782745198	0.125194302747908	1.49777847746991e-05	0.966054637836277	0.0149983101893107	nosig	NA	1
Chitinimonas	-8.45629198868986	0.381573905705021	0.418421332594266	0	0.704866921491606	0.15189286984175	nosig	NA	1
Chitinolyticbacter	-8.45629198868986	0.381573905705021	0.418421332594266	0	0.704866921491606	0.15189286984175	nosig	NA	1
Chondromyces	0.7594301831623	0.700128127015315	0.154822474608919	5.97747840394899e-06	0.941783494067906	0.026048925379859	nosig	NA	1
Citrobacter	-8.45629198868986	0.381573905705021	0.418421332594266	0	0.704866921491606	0.15189286984175	nosig	NA	1
Cohaesibacter	7.68753817153624	0.0764479298304189	1.11663427055773	1.72344312432084e-05	0.704866921491606	0.15189286984175	enriched	NA	1
Collimonas	-0.365591430037335	0.749558782745198	0.125194302747908	7.78362897265336e-06	0.966054637836277	0.0149983101893107	nosig	NA	1
Comamonas	-0.377205612792181	0.822480381658075	0.0848744523314897	1.88004716653155e-05	1	0	nosig	NA	1
Coxiella	-8.45629198868986	0.381573905705021	0.418421332594266	0	0.704866921491606	0.15189286984175	nosig	NA	1
Croceicoccus	7.68753817153624	0.0764479298304189	1.11663427055773	9.4837691944449e-06	0.704866921491606	0.15189286984175	enriched	NA	1
Cupriavidus	-0.0997034507010345	1	0	8.21352526591203e-05	1	0	nosig	NA	1
Curvibacter	7.68753817153624	0.381573905705021	0.418421332594266	4.16666666666667e-06	0.704866921491606	0.15189286984175	nosig	NA	1
Cycloclasticus	-8.45629198868986	0.381573905705021	0.418421332594266	0	0.704866921491606	0.15189286984175	nosig	NA	1
Dechloromonas	7.68753817153624	0.381573905705021	0.418421332594266	2.64270613107822e-06	0.704866921491606	0.15189286984175	nosig	NA	1
Delftia	0.538131119758879	0.328205128205128	0.483854637378631	0.00012662400160708	0.704866921491606	0.15189286984175	nosig	NA	1
Denitratisoma	1.23970849685553	0.565563097938799	0.247518935286804	9.40381634364039e-06	0.868597330254608	0.0611815098315764	nosig	NA	1
Desulfatibacillum	-1.92961589768936	0.240302793204764	0.619241181063076	2.34521575984991e-06	0.704866921491606	0.15189286984175	nosig	NA	1
Desulfobacca	0.4951400488051	0.225114315064885	0.647596887247304	1.49306946059084e-05	0.704866921491606	0.15189286984175	nosig	NA	1
Desulfobacter	-8.45629198868986	0.381573905705021	0.418421332594266	0	0.704866921491606	0.15189286984175	nosig	NA	1
Desulfobacula	0.116874230253886	1	0	9.44584382871536e-06	1	0	nosig	NA	1
Desulfobulbus	0.182946494511102	1	0	6e-06	1	0	nosig	NA	1
Desulfocapsa	7.68753817153624	0.381573905705021	0.418421332594266	4.32525951557093e-06	0.704866921491606	0.15189286984175	nosig	NA	1
Desulfococcus	-8.45629198868986	0.381573905705021	0.418421332594266	0	0.704866921491606	0.15189286984175	nosig	NA	1
Desulfoglaeba	-0.264921515378059	1	0	2.72331154684096e-06	1	0	nosig	NA	1
Desulfomicrobium	1.61959664035576	0.406552852098087	0.390882987874303	1.38574277959786e-05	0.726255778043156	0.138910399369563	nosig	NA	1
Desulfomonile	-0.685126662646588	1	0	3.04878048780488e-06	1	0	nosig	NA	1
Desulfosarcina	-0.549217581076987	0.589744362208388	0.229336202156636	3.26655052264808e-05	0.868597330254608	0.0611815098315764	nosig	NA	1
Desulfovibrio	0.0975351616676615	0.645376845376845	0.190186620130527	0.00113790566681138	0.905011208459484	0.0433460420743977	nosig	NA	1
Desulfurella	7.68753817153624	0.0764479298304189	1.11663427055773	1.43154243931677e-05	0.704866921491606	0.15189286984175	enriched	NA	1
Desulfuromonas	1.70640942892282	0.589744362208388	0.229336202156636	9.68965557749421e-06	0.868597330254608	0.0611815098315764	nosig	NA	1
Devosia	0.0638527217020387	0.52800473123572	0.277362185912476	6.42456534445458e-05	0.846218780044424	0.072517340645992	nosig	NA	1
Dyella	1.13110575255178	1	0	5.53097345132743e-06	1	0	nosig	NA	1
Ehrlichia	0.879487192682766	1	0	4.35540069686411e-06	1	0	nosig	NA	1
Emcibacter	0.129283016944966	1	0	3.00480769230769e-06	1	0	nosig	NA	1
Ensifer	-8.45629198868986	0.381573905705021	0.418421332594266	0	0.704866921491606	0.15189286984175	nosig	NA	1
Enterobacter	-1.2168416465807	0.589744362208388	0.229336202156636	3.43406593406593e-06	0.868597330254608	0.0611815098315764	nosig	NA	1
Erwinia	-8.45629198868986	0.381573905705021	0.418421332594266	0	0.704866921491606	0.15189286984175	nosig	NA	1
Erythrobacter	-8.45629198868986	0.170903520230797	0.767248991690819	0	0.704866921491606	0.15189286984175	nosig	NA	1
Escherichia	0.433271937483519	1	0	4.43337629960592e-05	1	0	nosig	NA	1
Ferriphaselus	7.68753817153624	0.170903520230797	0.767248991690819	4.85998652257821e-06	0.704866921491606	0.15189286984175	nosig	NA	1
Ferrovibrio	1.80980952841907	0.334151659119493	0.476056378189392	1.38685125826911e-05	0.704866921491606	0.15189286984175	nosig	NA	1
Filomicrobium	2.32565499088469	0.20511387641626	0.688004957636732	2.21178696013797e-05	0.704866921491606	0.15189286984175	nosig	NA	1
Fuscovulum	1.67286958987058	0.488142933739699	0.311452993068265	8.77885923841594e-06	0.81025085600331	0.0913805014777114	nosig	NA	1
Gallionella	7.68753817153624	0.170903520230797	0.767248991690819	7.57793201823053e-06	0.704866921491606	0.15189286984175	nosig	NA	1
Geoalkalibacter	1.61815453097248	0.334151659119493	0.476056378189392	8.3057927251928e-06	0.704866921491606	0.15189286984175	nosig	NA	1
Geobacter	0.594038852289581	0.316997508681253	0.498944150937567	5.88823970304441e-05	0.704866921491606	0.15189286984175	nosig	NA	1
Georhizobium	7.68753817153624	0.381573905705021	0.418421332594266	3.36021505376344e-06	0.704866921491606	0.15189286984175	nosig	NA	1
Granulosicoccus	7.68753817153624	0.381573905705021	0.418421332594266	2.72331154684096e-06	0.704866921491606	0.15189286984175	nosig	NA	1
Guyparkeria	-8.45629198868986	0.381573905705021	0.418421332594266	0	0.704866921491606	0.15189286984175	nosig	NA	1
Haematospirillum	-8.45629198868986	0.381573905705021	0.418421332594266	0	0.704866921491606	0.15189286984175	nosig	NA	1
Haemophilus	-0.241429192958288	0.90394632428869	0.0438573568668024	1.03467583441343e-05	1	0	nosig	NA	1
Haliangium	0.402620872654314	0.54652373171261	0.262390974925516	2.14961988151392e-05	0.86405047864715	0.0634608848850775	nosig	NA	1
Halioglobus	-8.45629198868986	0.381573905705021	0.418421332594266	0	0.704866921491606	0.15189286984175	nosig	NA	1
Halobacteriovorax	-2.99540766711841	0.110465130411439	0.956774790393203	4.35540069686411e-06	0.704866921491606	0.15189286984175	nosig	NA	1
Halomonas	0.504295676374103	0.829248459182946	0.0813153267653275	3.10469482681212e-05	1	0	nosig	NA	1
Halovulum	-8.45629198868986	0.381573905705021	0.418421332594266	0	0.704866921491606	0.15189286984175	nosig	NA	1
Helicobacter	0.330592012800228	0.871503390298682	0.0597309190701718	2.78270822702922e-05	1	0	nosig	NA	1
Herbaspirillum	0.0877266469867463	0.84810824862518	0.0715487128608829	8.6336839284518e-06	1	0	nosig	NA	1
Hirschia	-1.98893257092506	0.269699624390875	0.569119658386129	2.74725274725275e-06	0.704866921491606	0.15189286984175	nosig	NA	1
Hydrogenophaga	0.507639391526055	0.368126879706544	0.434002470295729	3.41473795691205e-05	0.704866921491606	0.15189286984175	nosig	NA	1
Hydrogenophilus	7.68753817153624	0.170903520230797	0.767248991690819	4.05930807248764e-06	0.704866921491606	0.15189286984175	nosig	NA	1
Hypericibacter	0.823130009825767	0.334151659119493	0.476056378189392	1.93148504392962e-05	0.704866921491606	0.15189286984175	nosig	NA	1
Hyphomicrobium	-0.0522981921681255	0.263010571926857	0.580026794334502	2.16846288758697e-05	0.704866921491606	0.15189286984175	nosig	NA	1
Hyphomonas	-8.45629198868986	0.381573905705021	0.418421332594266	0	0.704866921491606	0.15189286984175	nosig	NA	1
Idiomarina	-1.82087712175843	0.488142933739699	0.311452993068265	2.56673511293635e-06	0.81025085600331	0.0913805014777114	nosig	NA	1
Inhella	-8.45629198868986	0.381573905705021	0.418421332594266	0	0.704866921491606	0.15189286984175	nosig	NA	1
Janthinobacterium	-0.228856778996473	0.505361305361305	0.296398014318375	0.00017849801176192	0.826336440058341	0.0828430951591933	nosig	NA	1
Jinshanibacter	0.232880714970133	0.660747896465815	0.179964210798966	3.14428631103808e-05	0.919519886336457	0.0364388738943131	nosig	NA	1
Kangiella	1.8424592695087	0.180008443727484	0.744707122795331	1.27351145419491e-05	0.704866921491606	0.15189286984175	nosig	NA	1
Ketobacter	7.68753817153624	0.170903520230797	0.767248991690819	5.74262428988744e-06	0.704866921491606	0.15189286984175	nosig	NA	1
Kingella	-8.45629198868986	0.381573905705021	0.418421332594266	0	0.704866921491606	0.15189286984175	nosig	NA	1
Klebsiella	0.492013445820888	0.833028893719521	0.0793399347692915	8.88528000434396e-05	1	0	nosig	NA	1
Kushneria	-8.45629198868986	0.381573905705021	0.418421332594266	0	0.704866921491606	0.15189286984175	nosig	NA	1
Labilithrix	0.442429801232169	1	0	4.31039713613696e-05	1	0	nosig	NA	1
Labrys	-1.48409367287157	1	0	1.92604006163328e-06	1	0	nosig	NA	1
Legionella	0.0679298538539111	1	0	1.94401244167963e-06	1	0	nosig	NA	1
Leptothrix	7.68753817153624	0.381573905705021	0.418421332594266	2.4703557312253e-06	0.704866921491606	0.15189286984175	nosig	NA	1
Lichenihabitans	-1.43279722973386	0.406552852098087	0.390882987874303	5.25552656630117e-06	0.726255778043156	0.138910399369563	nosig	NA	1
Limnohabitans	7.68753817153624	0.381573905705021	0.418421332594266	2.08333333333333e-06	0.704866921491606	0.15189286984175	nosig	NA	1
Luteibacter	-8.45629198868986	0.381573905705021	0.418421332594266	0	0.704866921491606	0.15189286984175	nosig	NA	1
Luteimonas	0.254644547170749	0.63143958164679	0.199668197939532	7.41583088524627e-05	0.904527933004795	0.0435780170158529	nosig	NA	1
Lysobacter	-0.662407867657806	0.234498834498834	0.629859311464816	0.000119021754439824	0.704866921491606	0.15189286984175	nosig	NA	1
Magnetospirillum	-0.962374532679838	0.779136211165348	0.10838661089447	1.83606321266253e-05	0.990614357394018	0.00409538189383057	nosig	NA	1
Malaciobacter	-8.45629198868986	0.381573905705021	0.418421332594266	0	0.704866921491606	0.15189286984175	nosig	NA	1
Mannheimia	0.78904654283187	0.700128127015315	0.154822474608919	5.03476724585062e-06	0.941783494067906	0.026048925379859	nosig	NA	1
Maricaulis	-0.373271362459639	0.643132205003642	0.191699742469513	6.58132968252743e-06	0.905011208459484	0.0433460420743977	nosig	NA	1
Marinobacter	-8.45629198868986	0.170903520230797	0.767248991690819	0	0.704866921491606	0.15189286984175	nosig	NA	1
Maritalea	-0.450032920635048	1	0	2.72331154684096e-06	1	0	nosig	NA	1
Martelella	7.68753817153624	0.381573905705021	0.418421332594266	2.45098039215686e-06	0.704866921491606	0.15189286984175	nosig	NA	1
Massilia	-0.049158759151623	0.878477078477078	0.0562695657802869	0.000139594849310317	1	0	nosig	NA	1
Melaminivora	7.68753817153624	0.381573905705021	0.418421332594266	2.17013888888889e-06	0.704866921491606	0.15189286984175	nosig	NA	1
Melittangium	7.68753817153624	0.381573905705021	0.418421332594266	2.75330396475771e-06	0.704866921491606	0.15189286984175	nosig	NA	1
Mesorhizobium	0.384959330161816	0.627500806111435	0.202385711935333	2.1993133401804e-05	0.900648215830531	0.0454448069748779	nosig	NA	1
Methylibium	-0.159385937899699	0.915041891430665	0.038559023091235	4.16072512605542e-05	1	0	nosig	NA	1
Methylobacterium	-0.463814635813078	0.874734596102066	0.0581236966150194	4.72143335675396e-05	1	0	nosig	NA	1
Methyloceanibacter	1.53053747891636	0.0621104744239398	1.20683515343176	4.82252475781666e-05	0.704866921491606	0.15189286984175	enriched	NA	1
Methylocystis	1.62284102106836	0.334151659119493	0.476056378189392	8.26129103058089e-06	0.704866921491606	0.15189286984175	nosig	NA	1
Methylomicrobium	7.68753817153624	0.381573905705021	0.418421332594266	3.43406593406593e-06	0.704866921491606	0.15189286984175	nosig	NA	1
Methylomonas	-1.22902240258019	0.407774760622591	0.389579658551885	4.43122458102654e-06	0.726255778043156	0.138910399369563	nosig	NA	1
Methyloversatilis	7.68753817153624	0.381573905705021	0.418421332594266	2.56673511293635e-06	0.704866921491606	0.15189286984175	nosig	NA	1
Methylovorus	7.68753817153624	0.381573905705021	0.418421332594266	8.99280575539568e-06	0.704866921491606	0.15189286984175	nosig	NA	1
Micavibrio	-1.67267235506215	0.334151659119493	0.476056378189392	1.01957585644372e-05	0.704866921491606	0.15189286984175	nosig	NA	1
Microvirga	0.835436731715344	0.423998989616425	0.372635178323622	3.50467578332522e-05	0.751494577237828	0.124074148921631	nosig	NA	1
Minicystis	-8.45629198868986	0.0764479298304189	1.11663427055773	0	0.704866921491606	0.15189286984175	depleted	NA	1
Moraxella	-1.70111433989138	0.589744362208388	0.229336202156636	2.08333333333333e-06	0.868597330254608	0.0611815098315764	nosig	NA	1
Morganella	-1.122777465604	0.537248756159373	0.269824581315804	1.3525579602984e-05	0.856788866031941	0.0671261857946738	nosig	NA	1
Neisseria	-0.953066159794674	0.822480381658075	0.0848744523314897	1.76357329775157e-05	1	0	nosig	NA	1
Nitratireductor	-0.71126989078332	0.407774760622591	0.389579658551885	1.02303312427397e-05	0.726255778043156	0.138910399369563	nosig	NA	1
Nitrincola	7.68753817153624	0.381573905705021	0.418421332594266	2.72331154684096e-06	0.704866921491606	0.15189286984175	nosig	NA	1
Nitrobacter	-2.96128130059608	0.110465130411439	0.956774790393203	2.01612903225806e-06	0.704866921491606	0.15189286984175	nosig	NA	1
Nitrosococcus	-8.45629198868986	0.381573905705021	0.418421332594266	0	0.704866921491606	0.15189286984175	nosig	NA	1
Nitrosomonas	-0.0587497467315321	0.700128127015315	0.154822474608919	4.70635189737504e-06	0.941783494067906	0.026048925379859	nosig	NA	1
Nitrosospira	-0.152015850009097	0.672753553642188	0.172143999512752	1.12906955519698e-05	0.929161511822795	0.0319087880551494	nosig	NA	1
Nitrospirillum	-8.45629198868986	0.381573905705021	0.418421332594266	0	0.704866921491606	0.15189286984175	nosig	NA	1
Niveispirillum	-0.136883676508875	0.833514212953315	0.0790869902516101	4.10670325543212e-05	1	0	nosig	NA	1
Nordella	-0.901716113511701	0.0904879299312675	1.04340934691458	1.6729190766225e-05	0.704866921491606	0.15189286984175	nosig	NA	1
Noviherbaspirillum	7.68753817153624	0.170903520230797	0.767248991690819	4.1079258010118e-06	0.704866921491606	0.15189286984175	nosig	NA	1
Novosphingobium	0.7890840877029	0.871503390298682	0.0597309190701718	2.9190682690792e-05	1	0	nosig	NA	1
Oligella	1.81918272844359	0.506864838232507	0.295107835214262	3.54733983994509e-05	0.826336440058341	0.0828430951591933	nosig	NA	1
Orientia	7.68753817153624	0.170903520230797	0.767248991690819	7.50592109317908e-06	0.704866921491606	0.15189286984175	nosig	NA	1
Orrella	7.68753817153624	0.381573905705021	0.418421332594266	3.18877551020408e-06	0.704866921491606	0.15189286984175	nosig	NA	1
Ottowia	7.68753817153624	0.381573905705021	0.418421332594266	2.59336099585062e-06	0.704866921491606	0.15189286984175	nosig	NA	1
Paenalcaligenes	-0.415437703960741	1	0	1.59802757739019e-05	1	0	nosig	NA	1
Pajaroellobacter	7.68753817153624	0.381573905705021	0.418421332594266	2.59336099585062e-06	0.704866921491606	0.15189286984175	nosig	NA	1
Pandoraea	0.34966331469375	0.65494027546235	0.183798301870438	9.97126225065298e-06	0.913173869787506	0.0394465242180031	nosig	NA	1
Pantoea	-2.42380770890658	1	0	1.62337662337662e-06	1	0	nosig	NA	1
Paraburkholderia	0.337397374771205	0.749558782745198	0.125194302747908	7.43561022839539e-06	0.966054637836277	0.0149983101893107	nosig	NA	1
Paracoccus	2.94684906194456	0.0402162497314597	1.39559843092654	1.55456284592649e-05	0.704866921491606	0.15189286984175	enriched	NA	1
Paraoceanicella	-8.45629198868986	0.381573905705021	0.418421332594266	0	0.704866921491606	0.15189286984175	nosig	NA	1
Parasaccharibacter	7.68753817153624	0.170903520230797	0.767248991690819	4.77174130205212e-06	0.704866921491606	0.15189286984175	nosig	NA	1
Paremcibacter	0.576250069384583	1	0	4.10509031198686e-06	1	0	nosig	NA	1
Parvibaculum	-8.45629198868986	0.381573905705021	0.418421332594266	0	0.704866921491606	0.15189286984175	nosig	NA	1
Pasteurella	-8.45629198868986	0.381573905705021	0.418421332594266	0	0.704866921491606	0.15189286984175	nosig	NA	1
Pectobacterium	7.68753817153624	0.170903520230797	0.767248991690819	7.02600506265428e-06	0.704866921491606	0.15189286984175	nosig	NA	1
Pelagibacterium	-0.620458671240663	0.700128127015315	0.154822474608919	5.56379821958457e-06	0.941783494067906	0.026048925379859	nosig	NA	1
Phenylobacterium	-0.229662973517448	0.720901320901321	0.142124178721646	0.000123749421496896	0.947396349909815	0.023468292836983	nosig	NA	1
Pigmentiphaga	7.68753817153624	0.381573905705021	0.418421332594266	2.67665952890792e-06	0.704866921491606	0.15189286984175	nosig	NA	1
Piscirickettsia	7.68753817153624	0.381573905705021	0.418421332594266	2.67665952890792e-06	0.704866921491606	0.15189286984175	nosig	NA	1
Plesiomonas	-1.77893260157852	1	0	1.29757785467128e-05	1	0	nosig	NA	1
Polaromonas	-8.45629198868986	0.381573905705021	0.418421332594266	0	0.704866921491606	0.15189286984175	nosig	NA	1
Proteus	0.130186373453135	1	0	2.1079258010118e-06	1	0	nosig	NA	1
Pseudohongiella	-8.45629198868986	0.170903520230797	0.767248991690819	0	0.704866921491606	0.15189286984175	nosig	NA	1
Pseudolabrys	-0.263080792507564	0.955270926520046	0.0198734397189725	2.05264498475747e-05	1	0	nosig	NA	1
Pseudomonas	0.640126279233862	0.13038073038073	0.884786590411705	0.000196197934395133	0.704866921491606	0.15189286984175	nosig	NA	1
Pseudorhodoplanes	1.38798274815199	0.187958501268929	0.725938026583907	2.20025197004184e-05	0.704866921491606	0.15189286984175	nosig	NA	1
Pseudoxanthomonas	-8.45629198868986	0.381573905705021	0.418421332594266	0	0.704866921491606	0.15189286984175	nosig	NA	1
Pusillimonas_(ex_Stolz_et_al._2005)	0.0528472716549981	0.700128127015315	0.154822474608919	5.53097345132743e-06	0.941783494067906	0.026048925379859	nosig	NA	1
Ralstonia	-1.16189023672427	0.583279284002066	0.234123447885699	1.45984434656792e-05	0.868597330254608	0.0611815098315764	nosig	NA	1
Raoultella	7.68753817153624	0.381573905705021	0.418421332594266	8.25082508250825e-06	0.704866921491606	0.15189286984175	nosig	NA	1
Rhodanobacter	0.278478359088506	0.910607600820209	0.0406687289668821	1.37495425010681e-05	1	0	nosig	NA	1
Rhodobaca	-8.45629198868986	0.381573905705021	0.418421332594266	0	0.704866921491606	0.15189286984175	nosig	NA	1
Rhodobacter	-1.85571072579871	0.836045800136713	0.0777699304535564	3.20282412345203e-06	1	0	nosig	NA	1
Rhodoferax	0.255047560757298	0.653639569317364	0.184661664835467	3.44940350467299e-05	0.913173869787506	0.0394465242180031	nosig	NA	1
Rhodomicrobium	-8.45629198868986	0.381573905705021	0.418421332594266	0	0.704866921491606	0.15189286984175	nosig	NA	1
Rhodoplanes	-0.00659528404085348	0.959129759129759	0.0181226338492949	0.000110308359928936	1	0	nosig	NA	1
Rhodopseudomonas	0.637511185952885	0.749558782745198	0.125194302747908	1.75127878786363e-05	0.966054637836277	0.0149983101893107	nosig	NA	1
Rhodospirillum	-1.25556431022209	0.0206682206682207	1.68469691027332	0.000117662465116834	0.704866921491606	0.15189286984175	depleted	NA	1
Rhodovulum	-8.45629198868986	0.381573905705021	0.418421332594266	0	0.704866921491606	0.15189286984175	nosig	NA	1
Rickettsia	0.0308776205848086	0.792297662496212	0.101111625363952	5.40888940730434e-05	0.990614357394018	0.00409538189383057	nosig	NA	1
Rickettsiella	7.68753817153624	0.381573905705021	0.418421332594266	2.55623721881391e-06	0.704866921491606	0.15189286984175	nosig	NA	1
Roseitalea	7.68753817153624	0.381573905705021	0.418421332594266	3.27225130890052e-06	0.704866921491606	0.15189286984175	nosig	NA	1
Roseomonas	4.02181129842425	0.0402162497314597	1.39559843092654	2.99921211738442e-05	0.704866921491606	0.15189286984175	enriched	NA	1
Rubrivivax	0.718852964661028	0.700128127015315	0.154822474608919	4.94553166875542e-06	0.941783494067906	0.026048925379859	nosig	NA	1
Salinivibrio	-0.704412255942307	0.700128127015315	0.154822474608919	4.11861614497529e-06	0.941783494067906	0.026048925379859	nosig	NA	1
Salmonella	0.387265801900699	0.400467549571982	0.397432669624182	4.41986031122284e-05	0.726255778043156	0.138910399369563	nosig	NA	1
Sandaracinus	7.68753817153624	0.170903520230797	0.767248991690819	5.28044702712354e-06	0.704866921491606	0.15189286984175	nosig	NA	1
Serratia	7.68753817153624	0.170903520230797	0.767248991690819	6.24833175608454e-06	0.704866921491606	0.15189286984175	nosig	NA	1
Shewanella	2.00947352716804	0.565563097938799	0.247518935286804	2.3922539915723e-05	0.868597330254608	0.0611815098315764	nosig	NA	1
Shinella	-8.45629198868986	0.170903520230797	0.767248991690819	0	0.704866921491606	0.15189286984175	nosig	NA	1
Silicimonas	7.68753817153624	0.381573905705021	0.418421332594266	4.69043151969981e-06	0.704866921491606	0.15189286984175	nosig	NA	1
Simplicispira	-8.45629198868986	0.381573905705021	0.418421332594266	0	0.704866921491606	0.15189286984175	nosig	NA	1
Sinorhizobium	-8.45629198868986	0.170903520230797	0.767248991690819	0	0.704866921491606	0.15189286984175	nosig	NA	1
Skermanella	1.59473263604628	0.207391400036651	0.68320925659724	4.20507519711183e-05	0.704866921491606	0.15189286984175	nosig	NA	1
Sodalis	-8.45629198868986	0.381573905705021	0.418421332594266	0	0.704866921491606	0.15189286984175	nosig	NA	1
Solimonas	7.68753817153624	0.381573905705021	0.418421332594266	5.53097345132743e-06	0.704866921491606	0.15189286984175	nosig	NA	1
Sorangium	-0.341412162687081	0.685443482677522	0.16402834856692	9.71058746684354e-06	0.941783494067906	0.026048925379859	nosig	NA	1
Sphingobium	-2.48519981410917	0.0933375471780229	1.02994361614688	5.41052739014252e-06	0.704866921491606	0.15189286984175	depleted	NA	1
Sphingomonas	-0.45190851836165	0.328205128205128	0.483854637378631	0.000106745040286225	0.704866921491606	0.15189286984175	nosig	NA	1
Sphingopyxis	0.3398381693922	0.194871794871795	0.710251014745708	3.23566836557295e-05	0.704866921491606	0.15189286984175	nosig	NA	1
Sphingorhabdus	-1.01547101062584	0.609134009051957	0.215287152376307	7.75984754302166e-06	0.881197815466468	0.0549265881577141	nosig	NA	1
Sphingosinicella	-0.302383264217435	0.700128127015315	0.154822474608919	2.8796580304118e-06	0.941783494067906	0.026048925379859	nosig	NA	1
Stella	0.0503007198575233	1	0	4.62560577328276e-06	1	0	nosig	NA	1
Stenotrophomonas	0.200383030185549	0.645376845376845	0.190186620130527	0.0127082829382273	0.905011208459484	0.0433460420743977	nosig	NA	1
Steroidobacter	-0.985346255295956	0.368484548282979	0.433580718757805	2.18667178279155e-05	0.704866921491606	0.15189286984175	nosig	NA	1
Succinivibrio	2.45183408578864	0.214338459316668	0.668899895358474	1.01017577276835e-05	0.704866921491606	0.15189286984175	nosig	NA	1
Sulfuricaulis	1.21514268225706	1	0	7.30994152046784e-06	1	0	nosig	NA	1
Sulfuricella	7.68753817153624	0.381573905705021	0.418421332594266	5.66893424036281e-06	0.704866921491606	0.15189286984175	nosig	NA	1
Sulfuricurvum	7.68753817153624	0.381573905705021	0.418421332594266	1.71939477303989e-06	0.704866921491606	0.15189286984175	nosig	NA	1
Sulfuriflexus	-8.45629198868986	0.381573905705021	0.418421332594266	0	0.704866921491606	0.15189286984175	nosig	NA	1
Sulfurifustis	-8.45629198868986	0.381573905705021	0.418421332594266	0	0.704866921491606	0.15189286984175	nosig	NA	1
Sulfurimonas	-8.45629198868986	0.381573905705021	0.418421332594266	0	0.704866921491606	0.15189286984175	nosig	NA	1
Sulfuritalea	7.68753817153624	0.381573905705021	0.418421332594266	2.21631205673759e-06	0.704866921491606	0.15189286984175	nosig	NA	1
Sulfuritortus	1.82643313024276	0.0791698435867172	1.10144021308091	2.77651536839878e-05	0.704866921491606	0.15189286984175	enriched	NA	1
Sulfurospirillum	7.68753817153624	0.381573905705021	0.418421332594266	3.18877551020408e-06	0.704866921491606	0.15189286984175	nosig	NA	1
Sutterella	7.68753817153624	0.170903520230797	0.767248991690819	5.26787398604037e-06	0.704866921491606	0.15189286984175	nosig	NA	1
Syntrophobacter	7.68753817153624	0.381573905705021	0.418421332594266	3.55113636363636e-06	0.704866921491606	0.15189286984175	nosig	NA	1
Syntrophotalea	0.527239909061189	1	0	6.94275311894229e-05	1	0	nosig	NA	1
Syntrophus	-8.45629198868986	0.0764479298304189	1.11663427055773	0	0.704866921491606	0.15189286984175	depleted	NA	1
Terasakiella	-8.45629198868986	0.381573905705021	0.418421332594266	0	0.704866921491606	0.15189286984175	nosig	NA	1
Terricaulis	-0.683347988940168	0.784022658299928	0.105671385998683	1.55318698662086e-05	0.990614357394018	0.00409538189383057	nosig	NA	1
Thalassospira	0.254528809601776	1	0	2.59336099585062e-06	1	0	nosig	NA	1
Thalassotalea	7.68753817153624	0.381573905705021	0.418421332594266	2.77161862527716e-06	0.704866921491606	0.15189286984175	nosig	NA	1
Thauera	7.68753817153624	0.381573905705021	0.418421332594266	3.64431486880466e-06	0.704866921491606	0.15189286984175	nosig	NA	1
Thermochromatium	1.93086809950999	0.589744362208388	0.229336202156636	1.0956452788136e-05	0.868597330254608	0.0611815098315764	nosig	NA	1
Thermomonas	-1.62370876707698	0.170561087723945	0.768120043006473	2.51818205069581e-05	0.704866921491606	0.15189286984175	nosig	NA	1
Thioalkalivibrio	-0.844109279388251	0.432802483745193	0.363710255586939	7.85295461468169e-06	0.759739611754151	0.119335229502304	nosig	NA	1
Thiobacillus	-2.23177425977254	0.0702701306056765	1.15322923927235	2.64270613107822e-06	0.704866921491606	0.15189286984175	depleted	NA	1
Thiocystis	-8.45629198868986	0.381573905705021	0.418421332594266	0	0.704866921491606	0.15189286984175	nosig	NA	1
Thioflavicoccus	-2.45761662848271	0.488142933739699	0.311452993068265	1.25628140703518e-06	0.81025085600331	0.0913805014777114	nosig	NA	1
Thiohalobacter	-8.45629198868986	0.381573905705021	0.418421332594266	0	0.704866921491606	0.15189286984175	nosig	NA	1
Thiolapillus	7.68753817153624	0.381573905705021	0.418421332594266	4.13907284768212e-06	0.704866921491606	0.15189286984175	nosig	NA	1
Thiomicrorhabdus	-0.939301799298078	0.602524352361297	0.220025395421307	1.01868213842698e-05	0.875094892715217	0.0579448508084408	nosig	NA	1
Thiomonas	7.68753817153624	0.381573905705021	0.418421332594266	5.53097345132743e-06	0.704866921491606	0.15189286984175	nosig	NA	1
Tistrella	1.13347750979671	0.589744362208388	0.229336202156636	5.37713037713038e-06	0.868597330254608	0.0611815098315764	nosig	NA	1
Tolumonas	1.69301622565936	0.488142933739699	0.311452993068265	6.65840164625713e-06	0.81025085600331	0.0913805014777114	nosig	NA	1
Undibacterium	7.68753817153624	0.170903520230797	0.767248991690819	4.99252731395589e-06	0.704866921491606	0.15189286984175	nosig	NA	1
Variovorax	0.852562509548948	0.708651449930838	0.149567319953863	3.05901033282303e-05	0.947156019564261	0.0235784762714969	nosig	NA	1
Verminephrobacter	-8.45629198868986	0.381573905705021	0.418421332594266	0	0.704866921491606	0.15189286984175	nosig	NA	1
Vibrio	0.722457345225494	0.247647846102897	0.606165444906215	6.0800176056378e-05	0.704866921491606	0.15189286984175	nosig	NA	1
Vitreoscilla	7.68753817153624	0.381573905705021	0.418421332594266	5.54323725055432e-06	0.704866921491606	0.15189286984175	nosig	NA	1
Vulgatibacter	7.68753817153624	0.170903520230797	0.767248991690819	4.60710786797743e-06	0.704866921491606	0.15189286984175	nosig	NA	1
Woeseia	-1.42438444503315	0.334151659119493	0.476056378189392	3.24675324675325e-06	0.704866921491606	0.15189286984175	nosig	NA	1
Wolbachia	0.843902502694365	0.749558782745198	0.125194302747908	1.88021396857246e-05	0.966054637836277	0.0149983101893107	nosig	NA	1
Wolinella	7.68753817153624	0.0764479298304189	1.11663427055773	9.11101987812727e-06	0.704866921491606	0.15189286984175	enriched	NA	1
Xanthobacter	7.68753817153624	0.381573905705021	0.418421332594266	1.18764845605701e-05	0.704866921491606	0.15189286984175	nosig	NA	1
Xylella	-8.45629198868986	0.381573905705021	0.418421332594266	0	0.704866921491606	0.15189286984175	nosig	NA	1
Yersinia	0.163974739611115	0.700128127015315	0.154822474608919	3.97858521762671e-06	0.941783494067906	0.026048925379859	nosig	NA	1
Brachyspira	-8.45629198868986	0.381573905705021	0.418421332594266	0	0.704866921491606	0.15189286984175	nosig	NA	1
Leptospira	-0.0366676041413376	0.898285488204613	0.0465856162864215	7.11778901027902e-06	1	0	nosig	NA	1
Sediminispirochaeta	1.33917347530323	1	0	5.93354430379747e-06	1	0	nosig	NA	1
Sphaerochaeta	2.09523630810265	0.269699624390875	0.569119658386129	2.53738804639685e-05	0.704866921491606	0.15189286984175	nosig	NA	1
Spirochaeta	-8.45629198868986	0.381573905705021	0.418421332594266	0	0.704866921491606	0.15189286984175	nosig	NA	1
Treponema	0.607683322376835	0.316997508681253	0.498944150937567	6.84449962140823e-05	0.704866921491606	0.15189286984175	nosig	NA	1
Acetomicrobium	-8.45629198868986	0.381573905705021	0.418421332594266	0	0.704866921491606	0.15189286984175	nosig	NA	1
Aminobacterium	0.728894796503513	0.602524352361297	0.220025395421307	1.4621414409077e-05	0.875094892715217	0.0579448508084408	nosig	NA	1
Cloacibacillus	-0.176519017955236	0.418661378529244	0.378137100883947	2.18152012480807e-05	0.74383526476555	0.128523235858689	nosig	NA	1
Acholeplasma	-0.850259832174649	0.278632478632479	0.554968261678223	0.000151639739318737	0.704866921491606	0.15189286984175	nosig	NA	1
Candidatus_Hepatoplasma	0.181934482546974	0.84810824862518	0.0715487128608829	1.23190632299632e-05	1	0	nosig	NA	1
Candidatus_Izimaplasma	0.595735247948545	0.187959068257727	0.7259367165089	8.66832276080324e-05	0.704866921491606	0.15189286984175	nosig	NA	1
Candidatus_Phytoplasma	2.20718861977779	0.0933375471780229	1.02994361614688	2.89523789309586e-05	0.704866921491606	0.15189286984175	enriched	NA	1
Mycoplasma	1.41959173783233	0.0720770195258306	1.14220318027327	4.53094165356342e-05	0.704866921491606	0.15189286984175	enriched	NA	1
Mycoplasmopsis	-0.758585459123717	0.494200853413607	0.30609650896935	3.5620443295531e-05	0.816602764557021	0.0879891541340276	nosig	NA	1
Spiroplasma	0.290801796056843	0.527089256865538	0.278115835485978	3.00321806628432e-05	0.846218780044424	0.072517340645992	nosig	NA	1
Thermodesulfatator	-8.45629198868986	0.381573905705021	0.418421332594266	0	0.704866921491606	0.15189286984175	nosig	NA	1
Thermodesulfobacterium	-8.45629198868986	0.381573905705021	0.418421332594266	0	0.704866921491606	0.15189286984175	nosig	NA	1
Defluviitoga	7.68753817153624	0.170903520230797	0.767248991690819	1.33564917186185e-05	0.704866921491606	0.15189286984175	nosig	NA	1
Mesotoga	1.42055288436879	0.609134009051957	0.215287152376307	1.27574655656628e-05	0.881197815466468	0.0549265881577141	nosig	NA	1
Thermosipho	7.68753817153624	0.381573905705021	0.418421332594266	2.53549695740365e-06	0.704866921491606	0.15189286984175	nosig	NA	1
Thermotoga	-8.45629198868986	0.381573905705021	0.418421332594266	0	0.704866921491606	0.15189286984175	nosig	NA	1
Akkermansia	-3.22934654295067	0.000155400155400155	3.80854855124041	0.0251075723003703	0.0568764568764569	1.24506746584599	depleted	Akkermansia	1
Candidatus_Xiphinematobacter	7.68753817153624	0.381573905705021	0.418421332594266	2.21631205673759e-06	0.704866921491606	0.15189286984175	nosig	NA	1
Coraliomargarita	1.0434245373249	0.247647846102897	0.606165444906215	0.000385390941555449	0.704866921491606	0.15189286984175	nosig	NA	1
Ereboglobus	-8.45629198868986	0.381573905705021	0.418421332594266	0	0.704866921491606	0.15189286984175	nosig	NA	1
Nibricoccus	-1.08982330185262	0.537093978442642	0.269949716631748	2.3719165085389e-06	0.856788866031941	0.0671261857946738	nosig	NA	1
Opitutus	7.68753817153624	0.381573905705021	0.418421332594266	2.76548672566372e-06	0.704866921491606	0.15189286984175	nosig	NA	1
Roseimicrobium	0.862148719135706	0.506864838232507	0.295107835214262	1.19656254552066e-05	0.826336440058341	0.0828430951591933	nosig	NA	1
Verrucomicrobium	0.0256788768546877	0.286563559299876	0.542779037250573	3.05237273315425e-05	0.704866921491606	0.15189286984175	nosig	NA	1
